Date,gold_oz_usd_price,gold_kg_usd_price,gold_oz_gbp_price,gold_kg_gbp_price,gold_oz_eur_price,gold_kg_eur_price
1968-01-02 09:00:00+00:00,35.18,1131.06,14.64,470.69,,
1968-01-30 09:00:00+00:00,35.19,1131.38,14.59,469.08,,
1968-02-01 09:00:00+00:00,35.2,1131.7,14.59,469.08,,
1968-03-01 09:00:00+00:00,35.2,1131.7,14.66,471.33,,
1968-04-01 09:00:00+00:00,38.0,1221.73,15.81,508.3,,
1968-04-30 09:00:00+00:00,39.1,1257.09,16.32,524.7,,
1968-05-01 09:00:00+00:00,39.1,1257.09,16.31,524.38,,
1968-05-30 09:00:00+00:00,41.75,1342.29,17.5,562.64,,
1968-06-04 09:00:00+00:00,41.2,1324.61,17.27,555.24,,
1968-07-01 09:00:00+00:00,40.9,1314.96,17.16,551.71,,
1968-07-30 09:00:00+00:00,39.1,1257.09,16.33,525.02,,
1968-08-01 09:00:00+00:00,38.8,1247.45,16.21,521.16,,
1968-08-30 09:00:00+00:00,39.85,1281.21,16.72,537.56,,
1968-09-03 09:00:00+00:00,39.98,1285.38,16.77,539.17,,
1968-09-30 09:00:00+00:00,39.7,1276.38,16.63,534.67,,
1968-10-01 09:00:00+00:00,39.6,1273.17,16.58,533.06,,
1968-10-30 09:00:00+00:00,39.3,1263.52,16.43,528.24,,
1968-11-01 09:00:00+00:00,38.9,1250.66,16.26,522.77,,
1968-12-02 09:00:00+00:00,39.9,1282.81,16.72,537.56,,
1968-12-30 09:00:00+00:00,42.0,1350.33,17.61,566.17,,
1969-01-02 09:00:00+00:00,41.8,1343.9,17.52,563.28,,
1969-01-30 09:00:00+00:00,42.55,1368.01,17.81,572.6,,
1969-02-03 09:00:00+00:00,42.5,1366.4,17.77,571.32,,
1969-03-03 09:00:00+00:00,42.75,1374.44,17.86,574.21,,
1969-03-31 09:00:00+00:00,43.1,1385.7,18.01,579.03,,
1969-04-01 09:00:00+00:00,43.1,1385.7,18.0,578.71,,
1969-04-30 09:00:00+00:00,43.6,1401.77,18.26,587.07,,
1969-05-01 09:00:00+00:00,43.6,1401.77,18.28,587.71,,
1969-05-30 09:00:00+00:00,43.15,1387.3,18.06,580.64,,
1969-06-02 09:00:00+00:00,42.95,1380.87,17.97,577.75,,
1969-06-30 09:00:00+00:00,41.23,1325.57,17.24,554.28,,
1969-07-01 09:00:00+00:00,41.1,1321.39,17.18,552.35,,
1969-07-30 09:00:00+00:00,41.49,1333.93,17.35,557.81,,
1969-08-01 09:00:00+00:00,41.39,1330.72,17.32,556.85,,
1969-09-02 09:00:00+00:00,40.79,1311.43,17.12,550.42,,
1969-09-30 09:00:00+00:00,40.65,1306.93,17.06,548.49,,
1969-10-01 09:00:00+00:00,40.75,1310.14,17.08,549.13,,
1969-10-30 09:00:00+00:00,39.98,1285.38,16.7,536.92,,
1969-11-03 09:00:00+00:00,39.58,1272.52,16.52,531.13,,
1969-12-01 09:00:00+00:00,35.52,1141.99,14.82,476.47,,
1969-12-30 09:00:00+00:00,35.23,1132.67,14.68,471.97,,
1970-01-02 09:00:00+00:00,35.12,1129.13,14.63,470.36,,
1970-01-16 22:00:00+00:00,34.75,1117.24,14.48,465.54,,
1970-01-30 09:00:00+00:00,34.98,1124.63,14.56,468.11,,
1970-02-02 09:00:00+00:00,34.95,1123.67,14.55,467.79,,
1970-03-02 09:00:00+00:00,35.0,1125.27,14.54,467.47,,
1970-03-31 09:00:00+00:00,35.3,1134.92,14.67,471.65,,
1970-04-01 09:00:00+00:00,35.33,1135.88,14.67,471.65,,
1970-04-30 09:00:00+00:00,35.85,1152.6,14.9,479.05,,
1970-05-01 09:00:00+00:00,35.85,1152.6,14.9,479.05,,
1970-06-01 09:00:00+00:00,35.45,1139.74,14.77,474.87,,
1970-06-30 09:00:00+00:00,35.51,1141.67,14.82,476.47,,
1970-07-01 09:00:00+00:00,35.5,1141.35,14.82,476.47,,
1970-07-30 09:00:00+00:00,35.3,1134.92,14.77,474.87,,
1970-08-03 09:00:00+00:00,35.3,1134.92,14.76,474.54,,
1970-09-01 09:00:00+00:00,35.85,1152.6,15.04,483.55,,
1970-09-30 09:00:00+00:00,36.24,1165.14,15.18,488.05,,
1970-10-01 09:00:00+00:00,36.42,1170.93,15.26,490.62,,
1970-10-30 09:00:00+00:00,37.4,1202.44,15.65,503.16,,
1970-11-02 09:00:00+00:00,37.7,1212.08,15.77,507.02,,
1970-11-30 09:00:00+00:00,37.6,1208.87,15.74,506.05,,
1970-12-01 09:00:00+00:00,37.35,1200.83,15.64,502.84,,
1970-12-30 09:00:00+00:00,37.38,1201.79,15.62,502.19,,
1971-01-04 09:00:00+00:00,37.33,1200.19,15.59,501.23,,
1971-02-01 09:00:00+00:00,38.1,1224.94,15.76,506.7,,
1971-03-01 09:00:00+00:00,38.75,1245.84,16.04,515.7,,
1971-03-30 09:00:00+00:00,38.75,1245.84,16.03,515.38,,
1971-04-01 09:00:00+00:00,38.95,1252.27,16.12,518.27,,
1971-04-30 09:00:00+00:00,39.6,1273.17,16.37,526.31,,
1971-05-03 09:00:00+00:00,39.42,1267.38,16.29,523.73,,
1971-06-01 09:00:00+00:00,40.85,1313.36,16.9,543.35,,
1971-06-30 09:00:00+00:00,40.2,1292.46,16.61,534.02,,
1971-07-01 09:00:00+00:00,40.1,1289.24,16.58,533.06,,
1971-07-30 09:00:00+00:00,42.48,1365.76,17.56,564.57,,
1971-08-02 09:00:00+00:00,42.48,1365.76,17.56,564.57,,
1971-08-31 09:00:00+00:00,41.0,1318.18,16.66,535.63,,
1971-09-01 09:00:00+00:00,40.7,1308.53,16.58,533.06,,
1971-09-30 09:00:00+00:00,42.48,1365.76,17.1,549.78,,
1971-10-01 09:00:00+00:00,42.17,1355.8,16.97,545.6,,
1971-11-01 09:00:00+00:00,42.12,1354.19,16.9,543.35,,
1971-11-30 09:00:00+00:00,43.55,1400.16,17.46,561.35,,
1971-12-01 09:00:00+00:00,43.5,1398.56,17.44,560.71,,
1971-12-30 09:00:00+00:00,43.5,1398.56,17.05,548.17,,
1972-01-03 09:00:00+00:00,43.73,1405.95,17.12,550.42,,
1972-01-31 09:00:00+00:00,46.95,1509.48,18.1,581.93,,
1972-02-01 09:00:00+00:00,47.49,1526.84,18.31,588.68,,
1972-03-01 09:00:00+00:00,47.8,1536.8,18.34,589.64,,
1972-03-30 09:00:00+00:00,48.38,1555.45,18.5,594.79,,
1972-04-04 09:00:00+00:00,48.4,1556.09,18.5,594.79,,
1972-05-01 09:00:00+00:00,50.2,1613.97,19.22,617.94,,
1972-05-30 09:00:00+00:00,58.7,1887.25,22.47,722.43,,
1972-06-01 09:00:00+00:00,58.8,1890.46,22.51,723.71,,
1972-06-30 09:00:00+00:00,64.1,2060.86,26.12,839.78,,
1972-07-03 09:00:00+00:00,64.25,2065.68,26.35,847.17,,
1972-07-31 09:00:00+00:00,68.9,2215.18,28.12,904.08,,
1972-08-01 09:00:00+00:00,68.8,2211.97,28.09,903.11,,
1972-08-30 09:00:00+00:00,66.8,2147.67,27.24,875.79,,
1972-09-01 09:00:00+00:00,66.8,2147.67,27.3,877.71,,
1972-10-02 09:00:00+00:00,64.1,2060.86,26.47,851.03,,
1972-10-30 09:00:00+00:00,64.5,2073.72,27.6,887.36,,
1972-11-01 09:00:00+00:00,63.8,2051.21,27.1,871.28,,
1972-11-30 09:00:00+00:00,63.6,2044.78,27.04,869.35,,
1972-12-01 09:00:00+00:00,63.9,2054.43,27.21,874.82,,
1973-01-02 09:00:00+00:00,64.99,2089.47,27.69,890.25,,
1973-01-30 09:00:00+00:00,66.2,2128.38,27.83,894.75,,
1973-02-01 09:00:00+00:00,66.4,2134.81,27.84,895.08,,
1973-03-01 09:00:00+00:00,86.0,2764.96,34.48,1108.56,,
1973-03-30 09:00:00+00:00,90.25,2901.6,36.42,1170.93,,
1973-04-02 09:00:00+00:00,89.25,2869.45,36.09,1160.32,,
1973-04-30 09:00:00+00:00,90.7,2916.07,36.46,1172.21,,
1973-05-01 09:00:00+00:00,90.7,2916.07,36.44,1171.57,,
1973-05-30 09:00:00+00:00,111.5,3584.8,43.48,1397.91,,
1973-06-01 09:00:00+00:00,117.0,3761.63,45.42,1460.28,,
1973-07-02 09:00:00+00:00,123.0,3954.54,47.65,1531.98,,
1973-07-30 09:00:00+00:00,114.0,3665.18,45.36,1458.36,,
1973-08-01 09:00:00+00:00,117.0,3761.63,46.46,1493.72,,
1973-08-30 09:00:00+00:00,105.75,3399.94,42.94,1380.55,,
1973-09-03 09:00:00+00:00,105.5,3391.9,42.9,1379.27,,
1973-10-01 09:00:00+00:00,98.5,3166.84,40.84,1313.03,,
1973-10-30 09:00:00+00:00,97.0,3118.62,39.98,1285.38,,
1973-11-01 09:00:00+00:00,97.25,3126.66,39.89,1282.49,,
1973-11-30 09:00:00+00:00,100.25,3223.11,42.71,1373.16,,
1973-12-03 09:00:00+00:00,100.0,3215.07,42.74,1374.12,,
1973-12-31 09:00:00+00:00,112.25,3608.92,48.35,1554.49,,
1974-01-02 09:00:00+00:00,114.75,3689.29,49.6,1594.67,,
1974-01-30 09:00:00+00:00,135.7,4362.85,60.53,1946.08,,
1974-02-01 09:00:00+00:00,132.0,4243.89,57.72,1855.74,,
1974-03-01 09:00:00+00:00,172.4,5542.78,75.81,2437.34,,
1974-04-01 09:00:00+00:00,173.0,5562.07,71.96,2313.56,,
1974-04-30 09:00:00+00:00,168.5,5417.39,69.11,2221.93,,
1974-05-01 09:00:00+00:00,169.9,5462.4,70.26,2258.91,,
1974-05-30 09:00:00+00:00,161.0,5176.26,67.28,2163.1,,
1974-06-03 09:00:00+00:00,156.5,5031.58,65.26,2098.15,,
1974-07-01 09:00:00+00:00,144.5,4645.78,60.66,1950.26,,
1974-07-30 09:00:00+00:00,160.5,5160.19,67.05,2155.7,,
1974-08-01 09:00:00+00:00,157.5,5063.74,66.06,2123.88,,
1974-08-30 09:00:00+00:00,155.25,4991.4,66.99,2153.78,,
1974-09-02 09:00:00+00:00,158.0,5079.81,68.33,2196.86,,
1974-09-30 09:00:00+00:00,147.5,4742.23,63.21,2032.25,,
1974-10-01 09:00:00+00:00,153.5,4935.13,65.7,2112.3,,
1974-10-30 09:00:00+00:00,167.9,5398.1,71.9,2311.64,,
1974-11-01 09:00:00+00:00,168.75,5425.43,72.22,2321.92,,
1974-12-02 09:00:00+00:00,185.5,5963.95,79.85,2567.23,,
1974-12-30 09:00:00+00:00,197.5,6349.76,84.19,2706.77,,
1975-01-02 09:00:00+00:00,185.0,5947.88,79.13,2544.08,,
1975-01-30 09:00:00+00:00,178.0,5722.82,74.81,2405.19,,
1975-02-03 09:00:00+00:00,177.25,5698.71,74.09,2382.05,,
1975-03-03 09:00:00+00:00,181.6,5838.57,74.67,2400.69,,
1975-04-01 09:00:00+00:00,177.25,5698.71,73.75,2371.11,,
1975-04-30 09:00:00+00:00,167.4,5382.03,71.08,2285.27,,
1975-05-01 09:00:00+00:00,166.25,5345.05,70.67,2272.09,,
1975-05-30 09:00:00+00:00,167.75,5393.28,72.54,2332.21,,
1975-06-02 09:00:00+00:00,163.25,5248.6,70.51,2266.95,,
1975-06-30 09:00:00+00:00,166.0,5337.02,75.17,2416.77,,
1975-07-01 09:00:00+00:00,167.0,5369.17,76.41,2456.63,,
1975-07-30 09:00:00+00:00,166.2,5343.45,76.38,2455.67,,
1975-08-01 09:00:00+00:00,166.5,5353.09,77.59,2494.57,,
1975-09-01 09:00:00+00:00,154.25,4959.25,73.13,2351.18,,
1975-09-30 09:00:00+00:00,138.25,4444.83,67.66,2175.32,,
1975-10-01 09:00:00+00:00,143.75,4621.66,70.26,2258.91,,
1975-10-30 09:00:00+00:00,144.0,4629.7,69.46,2233.19,,
1975-11-03 09:00:00+00:00,143.0,4597.55,68.88,2214.54,,
1975-12-01 09:00:00+00:00,138.15,4441.62,68.5,2202.32,,
1975-12-30 09:00:00+00:00,141.0,4533.25,69.73,2241.87,,
1976-01-02 09:00:00+00:00,140.35,4512.35,69.36,2229.97,,
1976-01-30 09:00:00+00:00,128.0,4115.29,63.02,2026.14,,
1976-02-02 09:00:00+00:00,128.4,4128.15,63.34,2036.43,,
1976-03-01 09:00:00+00:00,132.45,4258.36,65.3,2099.44,,
1976-03-30 09:00:00+00:00,128.6,4134.58,67.09,2156.99,,
1976-04-01 09:00:00+00:00,129.15,4152.26,67.7,2176.6,,
1976-04-30 09:00:00+00:00,128.15,4120.11,69.5,2234.47,,
1976-05-03 09:00:00+00:00,128.25,4123.33,69.46,2233.19,,
1976-06-01 09:00:00+00:00,126.05,4052.6,71.8,2308.42,,
1976-06-30 09:00:00+00:00,123.8,3980.26,69.47,2233.51,,
1976-07-01 09:00:00+00:00,123.25,3962.57,69.06,2220.33,,
1976-07-30 09:00:00+00:00,112.4,3613.74,63.02,2026.14,,
1976-08-02 09:00:00+00:00,111.5,3584.8,62.5,2009.42,,
1976-08-31 09:00:00+00:00,103.05,3313.13,58.05,1866.35,,
1976-09-01 09:00:00+00:00,104.0,3343.67,58.6,1884.03,,
1976-09-30 09:00:00+00:00,116.1,3732.7,69.61,2238.01,,
1976-10-01 09:00:00+00:00,116.25,3737.52,69.51,2234.8,,
1976-11-01 09:00:00+00:00,122.0,3922.39,76.79,2468.85,,
1976-11-30 09:00:00+00:00,130.1,4182.81,78.89,2536.37,,
1976-12-01 09:00:00+00:00,130.5,4195.67,78.45,2522.22,,
1976-12-30 09:00:00+00:00,134.65,4329.09,79.11,2543.44,,
1977-01-04 09:00:00+00:00,136.1,4375.71,79.75,2564.02,,
1977-01-31 09:00:00+00:00,132.1,4247.11,77.05,2477.21,,
1977-02-01 09:00:00+00:00,132.85,4271.22,77.41,2488.79,,
1977-03-01 09:00:00+00:00,142.1,4568.61,83.02,2669.15,,
1977-03-30 09:00:00+00:00,148.9,4787.24,86.52,2781.68,,
1977-04-01 09:00:00+00:00,148.25,4766.34,86.21,2771.71,,
1977-05-02 09:00:00+00:00,147.5,4742.23,85.78,2757.89,,
1977-05-30 09:00:00+00:00,144.0,4629.7,83.85,2695.84,,
1977-06-01 09:00:00+00:00,143.75,4621.66,83.62,2688.44,,
1977-06-30 09:00:00+00:00,142.95,4595.94,83.09,2671.4,,
1977-07-01 09:00:00+00:00,143.05,4599.16,83.15,2673.33,,
1977-08-01 09:00:00+00:00,144.8,4655.42,83.26,2676.87,,
1977-08-30 09:00:00+00:00,145.65,4682.75,83.6,2687.8,,
1977-09-01 09:00:00+00:00,145.6,4681.14,83.56,2686.51,,
1977-09-30 09:00:00+00:00,153.9,4947.99,88.13,2833.44,,
1977-10-03 09:00:00+00:00,155.1,4986.57,88.36,2840.84,,
1977-10-31 09:00:00+00:00,160.8,5169.83,87.82,2823.47,,
1977-11-01 09:00:00+00:00,162.55,5226.1,87.49,2812.86,,
1977-11-30 09:00:00+00:00,159.8,5137.68,88.03,2830.23,,
1977-12-01 09:00:00+00:00,160.1,5147.33,88.04,2830.55,,
1977-12-30 09:00:00+00:00,165.6,5324.16,86.84,2791.97,,
1978-01-03 09:00:00+00:00,168.6,5420.61,86.6,2784.25,,
1978-01-30 09:00:00+00:00,175.9,5655.31,90.2,2899.99,,
1978-02-01 09:00:00+00:00,176.6,5677.81,90.58,2912.21,,
1978-03-01 09:00:00+00:00,183.8,5909.3,94.47,3037.28,,
1978-03-30 09:00:00+00:00,179.4,5767.84,95.68,3076.18,,
1978-04-03 09:00:00+00:00,182.75,5875.54,97.42,3132.12,,
1978-05-02 09:00:00+00:00,169.15,5438.29,92.56,2975.87,,
1978-05-30 09:00:00+00:00,181.7,5841.78,99.96,3213.78,,
1978-06-01 09:00:00+00:00,183.25,5891.62,100.02,3215.71,,
1978-06-30 09:00:00+00:00,183.2,5890.01,98.45,3165.24,,
1978-07-03 09:00:00+00:00,183.0,5883.58,98.45,3165.24,,
1978-07-31 09:00:00+00:00,198.9,6394.77,102.94,3309.59,,
1978-08-01 09:00:00+00:00,207.5,6671.27,107.22,3447.2,,
1978-08-30 09:00:00+00:00,206.6,6642.33,106.0,3407.97,,
1978-09-01 09:00:00+00:00,208.1,6690.56,107.09,3443.02,,
1978-10-02 09:00:00+00:00,217.0,6976.7,110.17,3542.04,,
1978-10-30 09:00:00+00:00,241.3,7757.96,114.93,3695.08,,
1978-11-01 09:00:00+00:00,238.65,7672.76,115.99,3729.16,,
1978-11-30 09:00:00+00:00,193.7,6227.59,99.37,3194.82,,
1978-12-01 09:00:00+00:00,194.05,6238.84,100.2,3221.5,,
1979-01-02 09:00:00+00:00,227.15,7303.03,110.82,3562.94,,
1979-01-30 09:00:00+00:00,233.65,7512.01,116.95,3760.02,,
1979-02-01 09:00:00+00:00,232.4,7471.82,117.08,3764.2,,
1979-03-01 09:00:00+00:00,249.3,8015.17,123.31,3964.5,,
1979-03-30 09:00:00+00:00,239.65,7704.92,116.08,3732.05,,
1979-04-02 09:00:00+00:00,240.05,7717.78,116.08,3732.05,,
1979-04-30 09:00:00+00:00,243.45,7827.09,118.31,3803.75,,
1979-05-01 09:00:00+00:00,247.7,7963.73,120.01,3858.41,,
1979-05-30 09:00:00+00:00,272.6,8764.28,132.39,4256.43,,
1979-06-01 09:00:00+00:00,276.7,8896.1,133.38,4288.26,,
1979-07-02 09:00:00+00:00,282.2,9072.93,129.06,4149.37,,
1979-07-30 09:00:00+00:00,304.65,9794.71,131.33,4222.35,,
1979-08-01 09:00:00+00:00,290.95,9354.25,129.43,4161.27,,
1979-08-30 09:00:00+00:00,318.65,10244.82,141.72,4556.4,,
1979-09-03 09:00:00+00:00,319.3,10265.72,141.93,4563.15,,
1979-10-01 09:00:00+00:00,399.5,12844.2,183.07,5885.83,,
1979-10-30 09:00:00+00:00,376.0,12088.66,180.19,5793.23,,
1979-11-01 09:00:00+00:00,379.7,12207.62,182.04,5852.71,,
1979-11-30 09:00:00+00:00,417.2,13413.27,190.01,6108.95,,
1979-12-03 09:00:00+00:00,428.0,13760.5,193.88,6233.38,,
1979-12-31 09:00:00+00:00,524.0,16846.97,235.19,7561.52,,
1980-01-02 09:00:00+00:00,559.0,17972.24,251.12,8073.68,,
1980-01-30 09:00:00+00:00,703.5,22618.02,310.95,9997.26,,
1980-02-01 09:00:00+00:00,675.0,21701.72,296.85,9543.94,,
1980-03-03 09:00:00+00:00,637.0,20480.0,281.32,9044.63,,
1980-03-31 09:00:00+00:00,503.25,16179.84,231.54,7444.17,,
1980-04-01 09:00:00+00:00,501.5,16123.58,234.95,7553.81,,
1980-04-30 09:00:00+00:00,519.25,16694.25,229.17,7367.98,,
1980-05-01 09:00:00+00:00,507.75,16324.52,224.27,7210.44,,
1980-05-30 09:00:00+00:00,531.4,17084.88,228.17,7335.83,,
1980-06-02 09:00:00+00:00,563.0,18100.84,239.02,7684.66,,
1980-06-30 09:00:00+00:00,662.5,21299.84,280.78,9027.27,,
1980-07-01 09:00:00+00:00,656.0,21090.86,278.14,8942.4,,
1980-07-30 09:00:00+00:00,636.5,20463.92,268.32,8626.68,,
1980-08-01 09:00:00+00:00,622.0,19997.74,266.32,8562.37,,
1980-09-01 09:00:00+00:00,626.25,20134.38,260.56,8377.19,,
1980-09-30 09:00:00+00:00,670.0,21540.97,280.51,9018.59,,
1980-10-01 09:00:00+00:00,679.25,21838.36,284.44,9144.95,,
1980-10-30 09:00:00+00:00,643.5,20688.98,263.3,8465.28,,
1980-11-03 09:00:00+00:00,634.3,20393.19,260.28,8368.18,,
1980-12-01 09:00:00+00:00,635.5,20431.77,269.74,8672.33,,
1980-12-30 09:00:00+00:00,587.0,18872.46,246.85,7936.4,,
1981-01-05 09:00:00+00:00,592.0,19033.21,246.87,7937.04,,
1981-01-30 09:00:00+00:00,507.5,16316.48,212.7,6838.45,,
1981-02-02 09:00:00+00:00,493.25,15858.33,208.34,6698.28,,
1981-03-02 09:00:00+00:00,474.5,15255.51,217.84,7003.71,,
1981-03-30 09:00:00+00:00,529.5,17023.8,236.54,7604.93,,
1981-04-01 09:00:00+00:00,516.75,16613.87,230.49,7410.41,,
1981-04-30 09:00:00+00:00,481.0,15464.49,224.8,7227.48,,
1981-05-01 09:00:00+00:00,484.75,15585.05,226.25,7274.1,,
1981-06-01 09:00:00+00:00,481.25,15472.52,232.26,7467.32,,
1981-06-30 09:00:00+00:00,421.5,13551.52,216.55,6962.23,,
1981-07-01 09:00:00+00:00,421.25,13543.48,220.66,7094.37,,
1981-07-30 09:00:00+00:00,402.25,12932.62,217.32,6986.99,,
1981-08-03 09:00:00+00:00,392.5,12619.15,215.52,6929.12,,
1981-09-01 09:00:00+00:00,422.5,13583.67,230.6,7413.95,,
1981-09-30 09:00:00+00:00,426.5,13712.27,237.21,7626.47,,
1981-10-01 09:00:00+00:00,435.25,13993.59,237.58,7638.36,,
1981-10-30 09:00:00+00:00,429.0,13792.65,232.52,7475.68,,
1981-11-02 09:00:00+00:00,431.0,13856.95,229.96,7393.37,,
1981-11-30 09:00:00+00:00,415.5,13358.62,211.7,6806.3,,
1981-12-01 09:00:00+00:00,405.0,13021.03,207.25,6663.23,,
1981-12-30 09:00:00+00:00,397.25,12771.87,208.8,6713.07,,
1982-01-04 09:00:00+00:00,399.0,12828.13,206.15,6627.87,,
1982-02-01 09:00:00+00:00,381.25,12257.45,203.58,6545.24,,
1982-03-01 09:00:00+00:00,358.75,11534.06,197.3,6343.33,,
1982-03-30 09:00:00+00:00,325.75,10473.09,182.82,5877.79,,
1982-04-01 09:00:00+00:00,325.5,10465.05,182.37,5863.32,,
1982-04-30 09:00:00+00:00,356.75,11469.76,198.98,6397.35,,
1982-05-04 09:00:00+00:00,343.5,11043.77,190.15,6113.46,,
1982-06-01 09:00:00+00:00,319.0,10256.07,178.09,5725.72,,
1982-06-30 09:00:00+00:00,314.0,10095.32,180.46,5801.92,,
1982-07-01 09:00:00+00:00,311.75,10022.98,179.97,5786.16,,
1982-07-30 09:00:00+00:00,342.5,11011.61,196.88,6329.83,,
1982-08-02 09:00:00+00:00,352.12,11320.9,200.95,6460.68,,
1982-08-31 09:00:00+00:00,409.6,13168.93,238.56,7669.87,,
1982-09-01 09:00:00+00:00,404.25,12996.92,235.51,7571.81,,
1982-09-30 09:00:00+00:00,394.75,12691.49,233.3,7500.76,,
1982-10-01 09:00:00+00:00,397.75,12787.94,234.2,7529.69,,
1982-11-01 09:00:00+00:00,426.75,13720.31,254.24,8173.99,,
1982-11-30 09:00:00+00:00,428.25,13768.54,265.75,8544.05,,
1982-12-01 09:00:00+00:00,440.0,14146.31,269.24,8656.25,,
1982-12-30 09:00:00+00:00,457.25,14700.91,282.17,9071.96,,
1983-01-04 09:00:00+00:00,452.75,14556.23,278.19,8944.0,,
1983-01-31 09:00:00+00:00,503.0,16171.8,327.79,10538.68,,
1983-02-01 09:00:00+00:00,508.5,16348.63,333.95,10736.73,,
1983-03-01 09:00:00+00:00,414.5,13326.47,274.74,8833.08,,
1983-03-30 09:00:00+00:00,417.25,13414.88,285.94,9193.17,,
1983-04-05 09:00:00+00:00,425.75,13688.16,285.03,9163.91,,
1983-05-03 09:00:00+00:00,431.0,13856.95,273.13,8781.32,,
1983-05-31 09:00:00+00:00,439.0,14114.16,272.5,8761.07,,
1983-06-01 09:00:00+00:00,416.25,13382.73,261.55,8409.02,,
1983-06-30 09:00:00+00:00,416.75,13398.8,272.44,8759.14,,
1983-07-01 09:00:00+00:00,416.75,13398.8,271.68,8734.7,,
1983-08-01 09:00:00+00:00,413.25,13286.28,272.65,8765.89,,
1983-08-30 09:00:00+00:00,418.85,13466.32,279.33,8980.66,,
1983-09-01 09:00:00+00:00,415.8,13368.26,276.56,8891.6,,
1983-09-30 09:00:00+00:00,404.0,12988.88,270.11,8684.23,,
1983-10-03 09:00:00+00:00,393.5,12651.3,264.09,8490.68,,
1983-10-31 09:00:00+00:00,383.5,12329.79,256.57,8248.91,,
1983-11-01 09:00:00+00:00,376.0,12088.66,251.59,8088.79,,
1983-11-30 09:00:00+00:00,405.75,13045.15,277.19,8911.85,,
1983-12-01 09:00:00+00:00,398.5,12812.05,272.44,8759.14,,
1983-12-30 09:00:00+00:00,381.5,12265.49,262.98,8454.99,,
1984-01-03 09:00:00+00:00,384.0,12345.87,267.32,8594.53,,
1984-01-30 09:00:00+00:00,369.25,11871.65,262.53,8440.52,,
1984-02-01 09:00:00+00:00,377.25,12128.85,268.33,8627.0,,
1984-03-01 09:00:00+00:00,395.25,12707.56,265.89,8548.55,,
1984-03-30 09:00:00+00:00,388.5,12490.55,269.14,8653.04,,
1984-04-02 09:00:00+00:00,387.25,12450.36,268.64,8636.96,,
1984-04-30 09:00:00+00:00,376.2,12095.09,269.2,8654.97,,
1984-05-01 09:00:00+00:00,376.4,12101.52,269.53,8665.58,,
1984-05-30 09:00:00+00:00,384.75,12369.98,278.0,8937.89,,
1984-06-01 09:00:00+00:00,389.4,12519.48,279.68,8991.91,,
1984-07-02 09:00:00+00:00,370.45,11910.23,274.98,8840.8,,
1984-07-30 09:00:00+00:00,339.15,10903.91,259.09,8329.92,,
1984-08-01 09:00:00+00:00,337.35,10846.04,259.34,8337.96,,
1984-08-30 09:00:00+00:00,348.75,11212.56,265.96,8550.8,,
1984-09-03 09:00:00+00:00,346.2,11130.57,264.88,8516.08,,
1984-10-01 09:00:00+00:00,344.75,11083.95,279.6,8989.34,,
1984-10-30 09:00:00+00:00,335.65,10791.38,277.01,8906.07,,
1984-11-01 09:00:00+00:00,333.85,10733.51,273.2,8783.57,,
1984-11-30 09:00:00+00:00,328.6,10564.72,273.67,8798.68,,
1984-12-03 09:00:00+00:00,327.7,10535.78,274.92,8838.87,,
1984-12-31 09:00:00+00:00,309.0,9934.57,265.69,8542.12,,
1985-01-02 09:00:00+00:00,306.25,9846.15,267.19,8590.35,,
1985-01-30 09:00:00+00:00,303.0,9741.66,270.57,8699.01,,
1985-02-01 09:00:00+00:00,304.8,9799.53,270.09,8683.58,,
1985-03-01 09:00:00+00:00,288.1,9262.62,267.55,8601.92,,
1985-04-01 09:00:00+00:00,324.65,10437.72,262.56,8441.49,,
1985-04-30 09:00:00+00:00,324.65,10437.72,261.39,8403.87,,
1985-05-01 09:00:00+00:00,315.6,10146.76,256.69,8252.76,,
1985-05-30 09:00:00+00:00,315.0,10127.47,246.87,7937.04,,
1985-06-03 09:00:00+00:00,316.85,10186.95,244.77,7869.53,,
1985-07-01 09:00:00+00:00,315.35,10138.72,239.48,7699.45,,
1985-07-30 09:00:00+00:00,323.25,10392.71,227.05,7299.82,,
1985-08-01 09:00:00+00:00,326.75,10505.24,231.82,7453.18,,
1985-08-30 09:00:00+00:00,335.75,10794.6,239.82,7710.38,,
1985-09-02 09:00:00+00:00,335.45,10784.95,241.98,7779.83,,
1985-09-30 09:00:00+00:00,326.5,10497.2,233.05,7492.72,,
1985-10-01 09:00:00+00:00,323.15,10389.5,229.97,7393.7,,
1985-10-30 09:00:00+00:00,326.8,10506.85,226.32,7276.35,,
1985-11-01 09:00:00+00:00,324.65,10437.72,226.24,7273.77,,
1985-12-02 09:00:00+00:00,323.95,10415.22,216.73,6968.02,,
1985-12-30 09:00:00+00:00,326.15,10485.95,226.65,7286.96,,
1986-01-02 09:00:00+00:00,327.1,10516.49,224.3,7211.4,,
1986-01-30 09:00:00+00:00,355.4,11426.36,253.13,8138.31,,
1986-02-03 09:00:00+00:00,347.35,11167.55,249.95,8036.07,,
1986-03-03 09:00:00+00:00,339.45,10913.56,236.52,7604.28,,
1986-04-01 09:00:00+00:00,333.7,10728.69,227.91,7327.47,,
1986-04-30 09:00:00+00:00,344.75,11083.95,223.36,7181.18,,
1986-05-01 09:00:00+00:00,345.6,11111.28,224.63,7222.01,,
1986-05-30 09:00:00+00:00,343.35,11038.94,231.45,7441.28,,
1986-06-02 09:00:00+00:00,343.0,11027.69,233.1,7494.33,,
1986-06-30 09:00:00+00:00,345.5,11108.07,225.89,7262.52,,
1986-07-01 09:00:00+00:00,345.65,11112.89,224.13,7205.94,,
1986-07-30 09:00:00+00:00,351.35,11296.15,235.17,7560.88,,
1986-08-01 09:00:00+00:00,360.5,11590.33,241.62,7768.25,,
1986-09-01 09:00:00+00:00,392.0,12603.07,263.09,8458.53,,
1986-09-30 09:00:00+00:00,421.2,13541.87,291.19,9361.96,,
1986-10-01 09:00:00+00:00,425.5,13680.12,294.26,9460.66,,
1986-10-30 09:00:00+00:00,404.0,12988.88,286.63,9215.36,,
1986-11-03 09:00:00+00:00,400.3,12869.93,282.9,9095.43,,
1986-12-01 09:00:00+00:00,399.6,12847.42,278.62,8957.83,,
1986-12-30 09:00:00+00:00,389.4,12519.48,265.68,8541.8,,
1987-01-02 09:00:00+00:00,402.4,12937.44,270.61,8700.3,,
1987-01-30 09:00:00+00:00,407.3,13094.98,265.95,8550.48,,
1987-02-02 09:00:00+00:00,406.45,13067.65,267.93,8614.14,,
1987-03-02 09:00:00+00:00,404.4,13001.74,259.61,8346.64,,
1987-03-30 09:00:00+00:00,421.8,13561.17,261.7,8413.84,,
1987-04-01 09:00:00+00:00,418.5,13455.07,261.01,8391.65,,
1987-04-30 09:00:00+00:00,454.5,14612.49,273.06,8779.07,,
1987-05-01 09:00:00+00:00,452.15,14536.94,270.83,8707.37,,
1987-06-01 09:00:00+00:00,443.4,14255.62,273.87,8805.11,,
1987-06-30 09:00:00+00:00,447.1,14374.58,277.87,8933.72,,
1987-07-01 09:00:00+00:00,449.5,14451.74,276.58,8892.24,,
1987-07-30 09:00:00+00:00,457.2,14699.3,286.02,9195.74,,
1987-08-03 09:00:00+00:00,473.25,15215.32,297.12,9552.62,,
1987-09-01 09:00:00+00:00,453.1,14567.48,276.62,8893.53,,
1987-09-30 09:00:00+00:00,459.15,14761.99,281.69,9056.53,,
1987-10-01 09:00:00+00:00,454.1,14599.63,279.45,8984.51,,
1987-10-30 09:00:00+00:00,468.0,15046.53,273.21,8783.89,,
1987-11-02 09:00:00+00:00,469.95,15109.22,271.54,8730.2,,
1987-11-30 09:00:00+00:00,493.9,15879.23,270.04,8681.98,,
1987-12-01 09:00:00+00:00,486.9,15654.18,268.86,8644.04,,
1987-12-30 09:00:00+00:00,486.9,15654.18,262.74,8447.27,,
1988-01-04 09:00:00+00:00,484.1,15564.15,258.32,8305.17,,
1988-02-01 09:00:00+00:00,454.65,14617.32,259.16,8332.18,,
1988-03-01 09:00:00+00:00,429.15,13797.47,242.18,7786.26,,
1988-03-30 09:00:00+00:00,454.0,14596.42,243.92,7842.2,,
1988-04-05 09:00:00+00:00,456.0,14660.72,241.68,7770.18,,
1988-05-03 09:00:00+00:00,444.3,14284.56,237.66,7640.94,,
1988-05-31 09:00:00+00:00,454.0,14596.42,245.83,7903.61,,
1988-06-01 09:00:00+00:00,457.0,14692.87,249.56,8023.53,,
1988-06-30 09:00:00+00:00,436.85,14045.03,255.17,8203.89,,
1988-07-01 09:00:00+00:00,436.5,14033.78,256.16,8235.72,,
1988-08-01 09:00:00+00:00,436.4,14030.57,254.88,8194.57,,
1988-08-30 09:00:00+00:00,429.4,13805.51,254.76,8190.71,,
1988-09-01 09:00:00+00:00,430.3,13834.45,256.06,8232.51,,
1988-09-30 09:00:00+00:00,396.15,12736.5,234.74,7547.06,,
1988-10-03 09:00:00+00:00,394.2,12673.81,232.7,7481.47,,
1988-10-31 09:00:00+00:00,412.3,13255.73,231.96,7457.68,,
1988-11-01 09:00:00+00:00,411.0,13213.94,232.51,7475.36,,
1988-11-30 09:00:00+00:00,421.3,13545.09,228.1,7333.57,,
1988-12-01 09:00:00+00:00,425.5,13680.12,229.44,7376.66,,
1988-12-30 09:00:00+00:00,410.15,13186.61,227.55,7315.89,,
1989-01-03 09:00:00+00:00,413.6,13297.53,226.3,7275.7,,
1989-01-30 09:00:00+00:00,394.3,12677.02,224.09,7204.65,,
1989-02-01 09:00:00+00:00,392.0,12603.07,224.58,7220.4,,
1989-03-01 09:00:00+00:00,386.1,12413.39,222.75,7161.57,,
1989-03-30 09:00:00+00:00,384.0,12345.87,227.19,7304.32,,
1989-04-03 09:00:00+00:00,385.3,12387.66,229.28,7371.51,,
1989-05-02 09:00:00+00:00,376.9,12117.6,223.88,7197.9,,
1989-05-30 09:00:00+00:00,362.1,11641.77,231.01,7427.13,,
1989-06-01 09:00:00+00:00,360.8,11599.97,228.98,7361.87,,
1989-06-30 09:00:00+00:00,371.15,11932.73,239.53,7701.06,,
1989-07-03 09:00:00+00:00,375.4,12069.37,238.88,7680.16,,
1989-07-31 09:00:00+00:00,369.1,11866.82,222.04,7138.74,,
1989-08-01 09:00:00+00:00,369.95,11894.15,223.06,7171.54,,
1989-08-30 09:00:00+00:00,361.2,11612.83,228.07,7332.61,,
1989-09-01 09:00:00+00:00,358.25,11517.99,228.96,7361.22,,
1989-10-02 09:00:00+00:00,366.45,11781.62,226.74,7289.85,,
1989-10-30 09:00:00+00:00,378.5,12169.04,240.85,7743.5,,
1989-11-01 09:00:00+00:00,373.6,12011.5,237.13,7623.9,,
1989-11-30 09:00:00+00:00,406.8,13078.9,259.36,8338.61,,
1989-12-01 09:00:00+00:00,414.15,13315.21,264.35,8499.04,,
1990-01-02 09:00:00+00:00,401.65,12913.33,247.35,7952.48,,
1990-01-30 09:00:00+00:00,417.8,13432.56,248.54,7990.73,,
1990-02-01 09:00:00+00:00,413.25,13286.28,245.5,7893.0,,
1990-03-01 09:00:00+00:00,406.25,13061.22,242.62,7800.4,,
1990-03-30 09:00:00+00:00,372.2,11966.49,226.37,7277.95,,
1990-04-02 09:00:00+00:00,368.0,11831.46,226.28,7275.06,,
1990-04-30 09:00:00+00:00,371.55,11945.59,227.53,7315.25,,
1990-05-01 09:00:00+00:00,368.95,11862.0,225.11,7237.44,,
1990-05-30 09:00:00+00:00,365.7,11757.51,214.3,6889.9,,
1990-06-01 09:00:00+00:00,363.1,11673.92,216.26,6952.91,,
1990-07-02 09:00:00+00:00,357.1,11481.01,203.24,6534.31,,
1990-07-30 09:00:00+00:00,367.8,11825.03,199.6,6417.28,,
1990-08-01 09:00:00+00:00,371.1,11931.12,199.71,6420.82,,
1990-08-30 09:00:00+00:00,385.8,12403.74,200.31,6440.11,,
1990-09-03 09:00:00+00:00,387.5,12458.4,207.2,6661.63,,
1990-10-01 09:00:00+00:00,400.0,12860.28,211.16,6788.94,,
1990-10-30 09:00:00+00:00,373.35,12003.46,191.46,6155.57,,
1990-11-01 09:00:00+00:00,380.1,12220.48,196.69,6323.72,,
1990-11-30 09:00:00+00:00,384.8,12371.59,198.59,6384.81,,
1990-12-03 09:00:00+00:00,381.75,12273.53,197.61,6353.3,,
1990-12-31 09:00:00+00:00,391.0,12570.92,203.01,6526.91,,
1991-01-02 09:00:00+00:00,392.5,12619.15,202.48,6509.87,,
1991-01-30 09:00:00+00:00,369.75,11887.72,188.79,6069.73,,
1991-02-01 09:00:00+00:00,367.95,11829.85,187.14,6016.68,,
1991-03-01 09:00:00+00:00,367.45,11813.77,193.34,6216.02,,
1991-04-02 09:00:00+00:00,357.9,11506.74,203.35,6537.84,,
1991-04-30 09:00:00+00:00,353.45,11363.66,206.88,6651.34,,
1991-05-01 09:00:00+00:00,356.25,11453.69,205.27,6599.57,,
1991-05-30 09:00:00+00:00,360.8,11599.97,209.2,6725.93,,
1991-06-03 09:00:00+00:00,361.5,11622.48,213.27,6856.78,,
1991-07-01 09:00:00+00:00,368.65,11852.36,226.71,7288.89,,
1991-07-30 09:00:00+00:00,362.3,11648.2,214.66,6901.47,,
1991-08-01 09:00:00+00:00,364.3,11712.5,216.14,6949.05,,
1991-08-30 09:00:00+00:00,347.0,11156.29,205.69,6613.08,,
1991-09-02 09:00:00+00:00,347.6,11175.58,206.17,6628.51,,
1991-09-30 09:00:00+00:00,350.5,11268.82,200.03,6431.1,,
1991-10-01 09:00:00+00:00,353.0,11349.2,201.91,6491.55,,
1991-10-30 09:00:00+00:00,359.8,11567.82,208.16,6692.49,,
1991-11-01 09:00:00+00:00,357.5,11493.88,205.46,6605.68,,
1991-12-02 09:00:00+00:00,368.25,11839.5,207.06,6657.12,,
1991-12-30 09:00:00+00:00,353.3,11358.84,188.48,6059.76,,
1992-01-02 09:00:00+00:00,351.2,11291.33,186.89,6008.64,,
1992-01-30 09:00:00+00:00,356.5,11461.72,198.69,6388.02,,
1992-02-03 09:00:00+00:00,357.1,11481.01,199.39,6410.53,,
1992-03-02 09:00:00+00:00,350.55,11270.43,199.89,6426.6,,
1992-03-30 09:00:00+00:00,342.75,11019.65,197.44,6347.83,,
1992-04-01 09:00:00+00:00,343.75,11051.8,199.18,6403.78,,
1992-04-30 09:00:00+00:00,336.25,10810.67,190.17,6114.1,,
1992-05-01 09:00:00+00:00,337.1,10838.0,189.36,6088.06,,
1992-06-01 09:00:00+00:00,336.8,10828.36,183.47,5898.69,,
1992-06-30 09:00:00+00:00,343.4,11040.55,180.78,5812.2,,
1992-07-01 09:00:00+00:00,343.6,11046.98,179.8,5780.7,,
1992-07-30 09:00:00+00:00,356.75,11469.76,186.41,5993.21,,
1992-08-03 09:00:00+00:00,357.3,11487.45,185.39,5960.42,,
1992-09-01 09:00:00+00:00,342.65,11016.44,171.89,5526.38,,
1992-09-30 09:00:00+00:00,349.0,11220.59,196.07,6303.79,,
1992-10-01 09:00:00+00:00,347.6,11175.58,197.78,6358.77,,
1992-10-30 09:00:00+00:00,338.8,10892.66,215.43,6926.23,,
1992-11-02 09:00:00+00:00,339.3,10908.73,218.97,7040.04,,
1992-11-30 09:00:00+00:00,333.7,10728.69,221.43,7119.13,,
1992-12-01 09:00:00+00:00,334.6,10757.62,220.54,7090.52,,
1992-12-30 09:00:00+00:00,332.3,10683.68,219.99,7072.83,,
1993-01-04 09:00:00+00:00,329.4,10590.44,219.02,7041.65,,
1993-02-01 09:00:00+00:00,329.5,10593.66,224.78,7226.83,,
1993-03-01 09:00:00+00:00,328.4,10558.29,229.39,7375.05,,
1993-03-30 09:00:00+00:00,333.2,10712.61,223.32,7179.89,,
1993-04-01 09:00:00+00:00,337.0,10834.79,223.09,7172.5,,
1993-04-30 09:00:00+00:00,353.45,11363.66,224.47,7216.87,,
1993-05-04 09:00:00+00:00,353.4,11362.06,224.82,7228.12,,
1993-06-01 09:00:00+00:00,378.25,12161.0,242.19,7786.58,,
1993-06-30 09:00:00+00:00,379.0,12185.12,251.33,8080.44,,
1993-07-01 09:00:00+00:00,377.85,12148.14,253.34,8145.06,,
1993-07-30 09:00:00+00:00,403.7,12979.24,272.77,8769.75,,
1993-08-02 09:00:00+00:00,406.7,13075.69,274.67,8830.83,,
1993-08-31 09:00:00+00:00,370.6,11915.05,247.07,7943.47,,
1993-09-01 09:00:00+00:00,371.8,11953.63,249.11,8009.06,,
1993-09-30 09:00:00+00:00,352.65,11337.94,233.54,7508.47,,
1993-10-01 09:00:00+00:00,353.9,11378.13,237.28,7628.72,,
1993-11-01 09:00:00+00:00,367.95,11829.85,247.86,7968.87,,
1993-11-30 09:00:00+00:00,370.8,11921.48,249.26,8013.88,,
1993-12-01 09:00:00+00:00,370.1,11898.97,249.7,8028.03,,
1993-12-30 09:00:00+00:00,391.5,12587.0,264.44,8501.93,,
1994-01-04 09:00:00+00:00,395.0,12699.53,266.66,8573.31,,
1994-01-31 09:00:00+00:00,378.2,12159.39,252.54,8119.34,,
1994-02-01 09:00:00+00:00,382.1,12284.78,253.85,8161.46,,
1994-03-01 09:00:00+00:00,381.1,12252.63,255.91,8227.69,,
1994-03-30 09:00:00+00:00,386.75,12434.28,261.74,8415.12,,
1994-04-05 09:00:00+00:00,387.4,12455.18,263.77,8480.39,,
1994-05-03 09:00:00+00:00,375.7,12079.02,248.48,7988.81,,
1994-05-31 09:00:00+00:00,386.25,12418.21,255.71,8221.26,,
1994-06-01 09:00:00+00:00,387.25,12450.36,255.98,8229.94,,
1994-06-30 09:00:00+00:00,385.4,12390.88,251.03,8070.79,,
1994-07-01 09:00:00+00:00,386.8,12435.89,252.25,8110.01,,
1994-08-01 09:00:00+00:00,384.0,12345.87,248.79,7998.77,,
1994-08-30 09:00:00+00:00,386.15,12414.99,251.78,8094.9,,
1994-09-01 09:00:00+00:00,386.0,12410.17,251.22,8076.9,,
1994-09-30 09:00:00+00:00,395.35,12710.78,250.16,8042.82,,
1994-10-03 09:00:00+00:00,393.45,12649.69,249.64,8026.1,,
1994-10-31 09:00:00+00:00,387.4,12455.18,238.66,7673.09,,
1994-11-01 09:00:00+00:00,383.45,12328.19,233.95,7521.66,,
1994-11-30 09:00:00+00:00,383.35,12324.97,245.12,7880.78,,
1994-12-01 09:00:00+00:00,381.2,12255.85,243.14,7817.12,,
1994-12-30 09:00:00+00:00,382.5,12297.64,244.57,7863.1,,
1995-01-03 09:00:00+00:00,381.4,12262.28,244.32,7855.06,,
1995-01-30 09:00:00+00:00,375.9,12085.45,236.52,7604.28,,
1995-02-01 09:00:00+00:00,376.25,12096.7,237.91,7648.97,,
1995-03-01 09:00:00+00:00,376.3,12098.31,237.83,7646.4,,
1995-03-30 09:00:00+00:00,382.1,12284.78,237.17,7625.18,,
1995-04-03 09:00:00+00:00,392.25,12611.11,242.46,7795.26,,
1995-05-01 09:00:00+00:00,386.5,12426.25,239.63,7704.27,,
1995-05-30 09:00:00+00:00,386.1,12413.39,241.43,7762.14,,
1995-06-01 09:00:00+00:00,383.2,12320.15,241.8,7774.04,,
1995-06-30 09:00:00+00:00,387.6,12461.61,243.32,7822.91,,
1995-07-03 09:00:00+00:00,384.35,12357.12,241.05,7749.93,,
1995-07-31 09:00:00+00:00,383.35,12324.97,239.3,7693.66,,
1995-08-01 09:00:00+00:00,381.75,12273.53,239.09,7686.91,,
1995-08-30 09:00:00+00:00,381.9,12278.35,247.18,7947.01,,
1995-09-01 09:00:00+00:00,381.8,12275.14,245.93,7906.82,,
1995-10-02 09:00:00+00:00,383.1,12316.93,242.39,7793.01,,
1995-10-30 09:00:00+00:00,382.05,12283.17,242.7,7802.97,,
1995-11-01 09:00:00+00:00,382.5,12297.64,242.26,7788.83,,
1995-11-30 09:00:00+00:00,387.85,12469.65,252.51,8118.37,,
1995-12-01 09:00:00+00:00,387.15,12447.14,253.5,8150.2,,
1996-01-02 09:00:00+00:00,387.1,12445.54,250.15,8042.5,,
1996-01-30 09:00:00+00:00,406.7,13075.69,269.91,8677.8,,
1996-02-01 09:00:00+00:00,406.6,13072.47,268.53,8633.43,,
1996-03-01 09:00:00+00:00,400.3,12869.93,262.3,8433.13,,
1996-04-01 09:00:00+00:00,395.0,12699.53,259.02,8327.67,,
1996-04-30 09:00:00+00:00,390.15,12543.6,258.72,8318.03,,
1996-05-01 09:00:00+00:00,391.0,12570.92,261.14,8395.83,,
1996-05-30 09:00:00+00:00,391.55,12588.61,254.87,8194.25,,
1996-06-03 09:00:00+00:00,390.8,12564.49,252.05,8103.58,,
1996-07-01 09:00:00+00:00,380.6,12236.56,245.03,7877.89,,
1996-07-30 09:00:00+00:00,384.9,12374.8,247.05,7942.83,,
1996-08-01 09:00:00+00:00,386.65,12431.07,248.23,7980.77,,
1996-08-30 09:00:00+00:00,387.25,12450.36,248.62,7993.31,,
1996-09-02 09:00:00+00:00,386.9,12439.11,247.51,7957.62,,
1996-09-30 09:00:00+00:00,379.3,12194.76,242.57,7798.8,,
1996-10-01 09:00:00+00:00,377.05,12122.42,240.8,7741.89,,
1996-10-30 09:00:00+00:00,380.3,12226.91,234.46,7538.05,,
1996-11-01 09:00:00+00:00,377.2,12127.24,229.96,7393.37,,
1996-12-02 09:00:00+00:00,370.5,11911.83,219.79,7066.4,,
1996-12-30 09:00:00+00:00,369.6,11882.9,218.76,7033.29,,
1997-01-02 09:00:00+00:00,367.8,11825.03,215.71,6935.23,,
1997-01-30 09:00:00+00:00,349.3,11230.24,215.66,6933.62,,
1997-02-03 09:00:00+00:00,343.75,11051.8,214.74,6904.04,,
1997-03-03 09:00:00+00:00,361.8,11632.12,222.92,7167.03,,
1997-04-01 09:00:00+00:00,349.85,11247.92,212.84,6842.95,,
1997-04-30 09:00:00+00:00,340.45,10945.71,208.8,6713.07,,
1997-05-01 09:00:00+00:00,339.55,10916.77,208.8,6713.07,,
1997-05-30 09:00:00+00:00,345.75,11116.1,210.81,6777.69,,
1997-06-02 09:00:00+00:00,344.0,11059.84,210.39,6764.19,,
1997-06-30 09:00:00+00:00,334.05,10739.94,200.93,6460.04,,
1997-07-01 09:00:00+00:00,333.6,10725.47,200.54,6447.5,,
1997-07-30 09:00:00+00:00,326.4,10493.99,200.49,6445.89,,
1997-08-01 09:00:00+00:00,325.3,10458.62,198.23,6373.23,,
1997-09-01 09:00:00+00:00,324.4,10429.69,201.96,6493.16,,
1997-09-30 09:00:00+00:00,328.75,10569.54,203.56,6544.6,,
1997-10-01 09:00:00+00:00,336.8,10828.36,208.51,6703.74,,
1997-10-30 09:00:00+00:00,314.0,10095.32,188.14,6048.83,,
1997-11-03 09:00:00+00:00,313.5,10079.24,187.39,6024.72,,
1997-12-01 09:00:00+00:00,293.35,9431.41,174.64,5614.8,,
1997-12-30 09:00:00+00:00,290.9,9352.64,174.85,5621.55,,
1998-01-02 09:00:00+00:00,287.7,9249.76,175.47,5641.48,,
1998-01-30 09:00:00+00:00,301.8,9703.08,184.64,5936.31,,
1998-02-02 09:00:00+00:00,302.0,9709.51,185.33,5958.49,,
1998-03-02 09:00:00+00:00,299.75,9637.17,181.23,5826.67,,
1998-03-30 09:00:00+00:00,302.2,9715.94,179.88,5783.27,,
1998-04-01 09:00:00+00:00,301.6,9696.65,180.28,5796.13,,
1998-04-30 09:00:00+00:00,310.7,9989.22,186.1,5983.25,,
1998-05-01 09:00:00+00:00,306.1,9841.33,183.12,5887.44,,
1998-06-01 09:00:00+00:00,292.35,9399.26,179.03,5755.94,,
1998-06-30 09:00:00+00:00,295.75,9508.57,177.63,5710.93,,
1998-07-01 09:00:00+00:00,297.1,9551.97,178.65,5743.72,,
1998-07-30 09:00:00+00:00,289.15,9296.37,176.2,5664.95,,
1998-08-03 09:00:00+00:00,286.65,9216.0,176.4,5671.38,,
1998-09-01 09:00:00+00:00,277.7,8928.25,165.2,5311.3,,
1998-09-30 09:00:00+00:00,294.1,9455.52,173.2,5568.5,,
1998-10-01 09:00:00+00:00,299.0,9613.06,175.53,5643.41,,
1998-10-30 09:00:00+00:00,293.1,9423.37,174.57,5612.55,,
1998-11-02 09:00:00+00:00,292.75,9412.12,175.09,5629.27,,
1998-11-30 09:00:00+00:00,295.75,9508.57,179.17,5760.44,,
1998-12-01 09:00:00+00:00,293.35,9431.41,177.92,5720.25,,
1998-12-30 09:00:00+00:00,286.8,9220.82,171.26,5506.13,,
1999-01-04 09:00:00+00:00,288.25,9267.44,173.85,5589.4,244.38,7856.99
1999-02-01 09:00:00+00:00,287.1,9230.47,174.85,5621.55,252.4,8114.84
1999-03-01 09:00:00+00:00,287.05,9228.86,179.04,5756.26,260.96,8390.05
1999-03-30 09:00:00+00:00,280.05,9003.8,173.19,5568.18,261.12,8395.19
1999-04-01 09:00:00+00:00,280.5,9018.27,174.22,5601.29,261.05,8392.94
1999-04-30 09:00:00+00:00,285.85,9190.28,177.27,5699.35,269.42,8662.04
1999-05-04 09:00:00+00:00,285.6,9182.24,177.34,5701.61,270.07,8682.94
1999-06-01 09:00:00+00:00,265.5,8536.01,165.63,5325.12,254.6,8185.57
1999-06-30 09:00:00+00:00,261.2,8397.76,165.95,5335.41,253.22,8141.2
1999-07-01 09:00:00+00:00,263.0,8455.63,166.28,5346.02,253.98,8165.63
1999-07-30 09:00:00+00:00,256.75,8254.69,158.24,5087.53,239.8,7709.74
1999-08-02 09:00:00+00:00,255.35,8209.68,157.96,5078.52,239.94,7714.24
1999-08-05 22:00:00+00:00,,,,,236.71,7610.39
1999-08-31 09:00:00+00:00,254.6,8185.57,159.27,5120.64,241.67,7769.86
1999-09-01 09:00:00+00:00,255.45,8212.9,158.62,5099.74,240.38,7728.39
1999-09-30 09:00:00+00:00,303.75,9765.78,184.57,5934.05,284.54,9148.16
1999-10-01 09:00:00+00:00,303.0,9741.66,183.58,5902.23,282.12,9070.36
1999-11-01 09:00:00+00:00,293.85,9447.48,178.42,5736.33,277.92,8935.32
1999-11-30 09:00:00+00:00,292.0,9388.0,182.65,5872.33,288.6,9278.69
1999-12-01 09:00:00+00:00,291.4,9368.71,182.24,5859.14,288.95,9289.94
1999-12-30 09:00:00+00:00,290.85,9351.03,180.09,5790.02,289.55,9309.24
2000-01-04 09:00:00+00:00,282.05,9068.1,172.17,5535.39,275.3,8851.09
2000-01-31 09:00:00+00:00,283.05,9100.26,174.48,5609.65,288.62,9279.34
2000-02-01 09:00:00+00:00,283.65,9119.55,175.96,5657.24,292.66,9409.22
2000-03-01 09:00:00+00:00,293.75,9444.27,185.86,5975.53,303.15,9746.48
2000-03-30 09:00:00+00:00,276.7,8896.1,173.81,5588.11,289.4,9304.41
2000-04-03 09:00:00+00:00,278.8,8963.62,175.51,5642.77,292.7,9410.51
2000-05-02 09:00:00+00:00,275.0,8841.44,176.45,5672.99,301.5,9693.44
2000-05-30 09:00:00+00:00,274.4,8822.15,182.97,5882.61,291.88,9384.15
2000-06-01 09:00:00+00:00,272.8,8770.71,182.36,5863.0,291.89,9384.47
2000-06-30 09:00:00+00:00,289.15,9296.37,191.16,6145.93,301.67,9698.9
2000-07-03 09:00:00+00:00,288.05,9261.01,190.2,6115.06,303.05,9743.27
2000-07-31 09:00:00+00:00,277.4,8918.6,185.0,5947.88,299.89,9641.67
2000-08-01 09:00:00+00:00,277.3,8915.39,184.93,5945.63,299.3,9622.7
2000-08-30 09:00:00+00:00,272.6,8764.28,188.58,6062.98,306.64,9858.69
2000-09-01 09:00:00+00:00,276.6,8892.88,190.76,6133.07,311.14,10003.37
2000-10-02 09:00:00+00:00,274.3,8818.94,186.03,5980.99,310.58,9985.36
2000-10-30 09:00:00+00:00,265.65,8540.83,181.95,5849.82,314.04,10096.61
2000-11-01 09:00:00+00:00,266.0,8552.09,183.83,5910.26,311.11,10002.4
2000-11-30 09:00:00+00:00,267.0,8584.24,187.83,6038.87,307.68,9892.13
2000-12-01 09:00:00+00:00,271.2,8719.27,189.0,6076.48,309.66,9955.79
2001-01-02 09:00:00+00:00,272.8,8770.71,183.03,5884.54,288.68,9281.26
2001-01-30 09:00:00+00:00,263.4,8468.49,180.91,5816.38,287.62,9247.18
2001-02-01 09:00:00+00:00,266.85,8579.41,181.2,5825.71,283.43,9112.47
2001-03-01 09:00:00+00:00,266.7,8574.59,184.12,5919.59,287.86,9254.9
2001-03-30 09:00:00+00:00,259.05,8328.64,181.79,5844.68,294.04,9453.59
2001-04-02 09:00:00+00:00,257.55,8280.41,181.6,5838.57,293.57,9438.48
2001-04-30 09:00:00+00:00,263.45,8470.1,183.46,5898.37,296.01,9516.93
2001-05-01 09:00:00+00:00,263.8,8481.35,184.8,5941.45,297.41,9561.94
2001-05-30 09:00:00+00:00,273.65,8798.04,192.6,6192.22,320.13,10292.4
2001-06-01 09:00:00+00:00,265.65,8540.83,187.14,6016.68,313.82,10089.53
2001-07-02 09:00:00+00:00,269.1,8651.75,190.58,6127.28,318.08,10226.49
2001-07-30 09:00:00+00:00,266.4,8564.95,187.32,6022.47,304.39,9786.35
2001-08-01 09:00:00+00:00,267.7,8606.74,186.97,6011.22,303.96,9772.53
2001-08-30 09:00:00+00:00,273.4,8790.0,188.36,6055.91,300.77,9669.97
2001-09-03 09:00:00+00:00,273.55,8794.82,188.14,6048.83,300.94,9675.43
2001-10-01 09:00:00+00:00,291.65,9376.75,197.93,6363.59,320.18,10294.01
2001-10-30 09:00:00+00:00,280.2,9008.63,192.58,6191.58,309.44,9948.71
2001-11-01 09:00:00+00:00,279.45,8984.51,191.47,6155.89,308.1,9905.63
2001-11-30 09:00:00+00:00,274.7,8831.8,192.93,6202.83,309.87,9962.54
2001-12-03 09:00:00+00:00,275.25,8849.48,193.43,6218.91,307.89,9898.88
2001-12-31 09:00:00+00:00,276.5,8889.67,190.76,6133.07,312.39,10043.56
2002-01-02 09:00:00+00:00,278.1,8941.11,191.4,6153.64,308.73,9925.89
2002-01-30 09:00:00+00:00,280.95,9032.74,198.31,6375.81,324.42,10430.33
2002-02-01 09:00:00+00:00,282.0,9066.5,200.0,6430.14,327.72,10536.43
2002-03-01 09:00:00+00:00,295.8,9510.18,208.12,6691.2,340.86,10958.89
2002-04-02 09:00:00+00:00,302.65,9730.41,210.39,6764.19,344.51,11076.24
2002-04-30 09:00:00+00:00,309.35,9945.82,212.22,6823.02,342.96,11026.4
2002-05-01 09:00:00+00:00,308.3,9912.06,211.6,6803.09,341.99,10995.22
2002-05-30 09:00:00+00:00,324.65,10437.72,221.41,7118.49,346.48,11139.57
2002-06-05 09:00:00+00:00,324.5,10432.9,222.72,7160.6,346.32,11134.43
2002-07-01 09:00:00+00:00,312.3,10040.66,203.98,6558.1,314.88,10123.61
2002-07-30 09:00:00+00:00,304.45,9788.28,194.59,6256.2,309.56,9952.57
2002-08-01 09:00:00+00:00,300.65,9666.11,193.7,6227.59,308.77,9927.17
2002-08-30 09:00:00+00:00,312.4,10043.88,201.29,6471.61,317.0,10191.77
2002-09-02 09:00:00+00:00,312.25,10039.06,201.52,6479.01,317.81,10217.81
2002-09-30 09:00:00+00:00,322.4,10365.39,206.07,6625.29,328.11,10548.97
2002-10-01 09:00:00+00:00,322.6,10371.82,204.72,6581.89,326.52,10497.85
2002-10-30 09:00:00+00:00,316.8,10185.34,203.4,6539.45,322.28,10361.53
2002-11-01 09:00:00+00:00,318.75,10248.04,203.67,6548.13,321.38,10332.59
2002-12-02 09:00:00+00:00,317.3,10201.42,203.86,6554.24,319.7,10278.58
2002-12-30 09:00:00+00:00,348.5,11204.52,217.4,6989.56,334.23,10745.73
2003-01-02 09:00:00+00:00,342.2,11001.97,212.88,6844.24,326.53,10498.17
2003-01-30 09:00:00+00:00,363.0,11670.7,221.0,7105.3,337.89,10863.4
2003-02-03 09:00:00+00:00,369.0,11863.61,225.11,7237.44,344.25,11067.88
2003-03-03 09:00:00+00:00,348.45,11202.91,221.17,7110.77,322.73,10376.0
2003-03-31 09:00:00+00:00,335.35,10781.74,212.45,6830.42,308.31,9912.38
2003-04-01 09:00:00+00:00,335.65,10791.38,212.37,6827.84,307.94,9900.49
2003-04-30 09:00:00+00:00,336.0,10802.64,210.59,6770.62,302.02,9710.15
2003-05-01 09:00:00+00:00,338.95,10897.48,211.38,6796.01,303.31,9751.63
2003-05-30 09:00:00+00:00,365.8,11760.73,221.63,7125.56,308.69,9924.6
2003-06-02 09:00:00+00:00,361.3,11616.05,221.79,7130.7,309.2,9941.0
2003-06-30 09:00:00+00:00,345.15,11096.81,209.6,6738.79,302.5,9725.59
2003-07-01 09:00:00+00:00,348.55,11206.13,210.45,6766.11,301.96,9708.23
2003-07-30 09:00:00+00:00,359.1,11545.32,221.05,7106.91,313.76,10087.6
2003-08-01 09:00:00+00:00,353.05,11350.8,220.11,7076.69,315.73,10150.94
2003-09-01 09:00:00+00:00,376.35,12099.92,238.72,7675.02,342.6,11014.83
2003-09-30 09:00:00+00:00,384.5,12361.94,229.85,7389.84,328.97,10576.62
2003-10-01 09:00:00+00:00,385.0,12378.02,231.55,7444.49,329.62,10597.51
2003-10-30 09:00:00+00:00,391.0,12570.92,229.86,7390.16,334.27,10747.01
2003-11-03 09:00:00+00:00,383.25,12321.76,226.11,7269.59,330.82,10636.09
2003-12-01 09:00:00+00:00,398.75,12820.09,231.47,7441.92,332.07,10676.28
2003-12-30 09:00:00+00:00,415.6,13361.83,234.18,7529.05,332.32,10684.32
2004-01-02 09:00:00+00:00,415.2,13348.97,232.15,7463.79,329.0,10577.58
2004-01-30 09:00:00+00:00,401.3,12902.08,221.56,7123.31,323.24,10392.39
2004-02-02 09:00:00+00:00,401.85,12919.76,220.37,7085.05,322.43,10366.35
2004-03-01 09:00:00+00:00,398.5,12812.05,213.42,6861.6,319.44,10270.22
2004-03-30 09:00:00+00:00,419.15,13475.97,229.92,7392.09,343.14,11032.19
2004-04-01 09:00:00+00:00,425.3,13673.69,229.94,7392.73,344.82,11086.2
2004-04-30 09:00:00+00:00,387.3,12451.97,218.86,7036.5,324.4,10429.69
2004-05-04 09:00:00+00:00,389.75,12530.74,217.86,7004.35,323.71,10407.5
2004-06-01 09:00:00+00:00,395.85,12726.85,215.39,6924.94,323.2,10391.11
2004-06-30 09:00:00+00:00,393.75,12659.34,217.63,6996.96,324.69,10439.01
2004-07-01 09:00:00+00:00,394.5,12683.45,217.19,6982.81,324.42,10430.33
2004-07-30 09:00:00+00:00,389.6,12525.91,214.53,6897.29,323.43,10398.5
2004-08-02 09:00:00+00:00,393.25,12643.26,214.68,6902.11,325.59,10467.95
2004-08-31 09:00:00+00:00,408.1,13120.7,227.42,7311.71,337.83,10861.47
2004-09-01 09:00:00+00:00,408.0,13117.49,227.32,7308.5,335.39,10783.02
2004-09-30 09:00:00+00:00,412.35,13257.34,229.34,7373.44,334.54,10755.7
2004-10-01 09:00:00+00:00,418.15,13443.82,232.37,7470.86,337.11,10838.32
2004-11-01 09:00:00+00:00,428.1,13763.71,233.53,7508.15,335.76,10794.92
2004-11-30 09:00:00+00:00,452.0,14532.12,237.9,7648.65,340.62,10951.17
2004-12-01 09:00:00+00:00,451.1,14503.18,235.07,7557.67,339.3,10908.73
2004-12-30 09:00:00+00:00,435.15,13990.38,226.46,7280.85,319.73,10279.54
2005-01-04 09:00:00+00:00,426.8,13721.92,225.2,7240.34,318.7,10246.43
2005-01-31 09:00:00+00:00,423.8,13625.47,225.19,7240.02,326.38,10493.35
2005-02-01 09:00:00+00:00,421.15,13540.27,224.0,7201.76,323.17,10390.14
2005-03-01 09:00:00+00:00,434.65,13974.3,226.19,7272.17,329.16,10582.72
2005-03-30 09:00:00+00:00,426.5,13712.27,226.64,7286.63,328.96,10576.29
2005-04-01 09:00:00+00:00,427.45,13742.82,226.57,7284.38,329.67,10599.12
2005-05-03 09:00:00+00:00,429.2,13799.08,226.55,7283.74,333.49,10721.94
2005-05-31 09:00:00+00:00,416.9,13403.63,229.13,7366.69,336.62,10822.57
2005-06-01 09:00:00+00:00,416.1,13377.91,229.36,7374.08,339.4,10911.95
2005-06-30 09:00:00+00:00,436.8,14043.43,243.32,7822.91,362.16,11643.7
2005-07-01 09:00:00+00:00,434.2,13959.83,243.63,7832.88,359.14,11546.6
2005-08-01 09:00:00+00:00,431.35,13868.2,244.28,7853.77,353.28,11358.2
2005-08-30 09:00:00+00:00,436.15,14022.53,243.93,7842.52,357.06,11479.73
2005-09-01 09:00:00+00:00,435.5,14001.63,240.86,7743.82,352.12,11320.9
2005-09-30 09:00:00+00:00,473.4,15220.14,268.82,8642.75,393.52,12651.94
2005-10-03 09:00:00+00:00,465.0,14950.08,264.99,8519.61,389.61,12526.23
2005-10-31 09:00:00+00:00,472.65,15196.03,265.79,8545.33,391.98,12602.43
2005-11-01 09:00:00+00:00,465.55,14967.76,263.02,8456.28,387.64,12462.9
2005-11-30 09:00:00+00:00,493.8,15876.02,286.29,9204.42,419.11,13474.68
2005-12-01 09:00:00+00:00,494.4,15895.31,285.53,9179.99,419.52,13487.86
2005-12-30 09:00:00+00:00,513.0,16493.31,297.43,9562.58,433.31,13931.22
2006-01-03 09:00:00+00:00,520.75,16742.48,300.8,9670.93,437.97,14081.04
2006-01-30 09:00:00+00:00,560.3,18014.04,317.36,10203.35,463.52,14902.49
2006-02-01 09:00:00+00:00,567.2,18235.88,319.01,10256.39,467.6,15033.67
2006-03-01 09:00:00+00:00,562.6,18087.98,320.33,10298.83,471.11,15146.52
2006-03-30 09:00:00+00:00,578.5,18599.18,332.62,10693.97,479.09,15403.08
2006-04-03 09:00:00+00:00,585.5,18824.23,339.2,10905.52,485.89,15621.7
2006-05-02 09:00:00+00:00,657.75,21147.12,358.66,11531.17,520.54,16735.73
2006-05-30 09:00:00+00:00,652.25,20970.29,347.63,11176.55,507.43,16314.23
2006-06-01 09:00:00+00:00,633.25,20359.43,339.33,10909.7,495.15,15919.42
2006-06-30 09:00:00+00:00,600.4,19303.28,327.48,10528.71,472.16,15180.27
2006-07-03 09:00:00+00:00,619.5,19917.36,335.95,10801.03,485.04,15594.38
2006-07-31 09:00:00+00:00,637.0,20480.0,341.54,10980.75,499.33,16053.81
2006-08-01 09:00:00+00:00,635.5,20431.77,340.51,10947.63,498.67,16032.59
2006-08-30 09:00:00+00:00,614.7,19763.04,323.24,10392.39,479.11,15403.72
2006-09-01 09:00:00+00:00,624.0,20062.04,327.78,10538.36,486.78,15650.32
2006-10-02 09:00:00+00:00,602.0,19354.72,321.39,10332.91,474.43,15253.26
2006-10-30 09:00:00+00:00,604.75,19443.14,318.42,10237.43,475.13,15275.76
2006-11-01 09:00:00+00:00,611.25,19652.12,320.18,10294.01,479.22,15407.26
2006-11-30 09:00:00+00:00,638.4,20525.01,326.31,10491.09,483.86,15556.44
2006-12-01 09:00:00+00:00,644.4,20717.91,327.56,10531.28,486.82,15651.6
2007-01-02 09:00:00+00:00,640.75,20600.56,324.71,10439.65,482.35,15507.89
2007-01-30 09:00:00+00:00,642.25,20648.79,326.63,10501.38,495.41,15927.78
2007-02-01 09:00:00+00:00,652.55,20979.94,332.0,10674.03,501.54,16124.86
2007-03-01 09:00:00+00:00,673.6,21656.71,343.22,11034.76,509.38,16376.92
2007-03-30 09:00:00+00:00,663.5,21331.99,339.04,10900.37,498.24,16018.76
2007-04-02 09:00:00+00:00,663.3,21325.56,336.15,10807.46,496.85,15974.08
2007-04-30 09:00:00+00:00,678.0,21798.17,340.43,10945.06,498.24,16018.76
2007-05-01 09:00:00+00:00,677.5,21782.1,338.53,10883.98,496.88,15975.04
2007-05-30 09:00:00+00:00,657.1,21126.22,332.36,10685.61,488.99,15721.37
2007-06-01 09:00:00+00:00,662.5,21299.84,334.98,10769.84,493.08,15852.87
2007-07-02 09:00:00+00:00,650.5,20914.03,323.5,10400.75,479.22,15407.26
2007-07-30 09:00:00+00:00,661.5,21267.69,326.47,10496.24,483.91,15558.05
2007-08-01 09:00:00+00:00,660.25,21227.5,326.55,10498.81,483.77,15553.54
2007-08-30 09:00:00+00:00,666.3,21422.01,331.66,10663.1,488.88,15717.83
2007-09-03 09:00:00+00:00,672.75,21629.38,333.26,10714.54,492.86,15845.79
2007-10-01 09:00:00+00:00,745.25,23960.31,364.78,11727.93,523.53,16831.86
2007-10-30 09:00:00+00:00,784.0,25206.15,379.48,12200.55,544.67,17511.52
2007-11-01 09:00:00+00:00,792.0,25463.35,381.01,12249.74,548.59,17637.55
2007-11-30 09:00:00+00:00,794.75,25551.77,384.12,12349.73,537.72,17288.07
2007-12-03 09:00:00+00:00,783.75,25198.11,380.09,12220.16,534.98,17199.98
2007-12-31 09:00:00+00:00,836.5,26894.06,417.62,13426.78,568.66,18282.82
2008-01-02 09:00:00+00:00,840.75,27030.7,424.81,13657.94,573.34,18433.28
2008-01-30 09:00:00+00:00,923.75,29699.21,463.94,14916.0,623.9,20058.82
2008-02-01 09:00:00+00:00,933.0,29996.6,468.75,15070.64,627.06,20160.42
2008-03-03 09:00:00+00:00,978.25,31451.42,492.7,15840.65,644.94,20735.27
2008-03-31 09:00:00+00:00,937.25,30133.24,472.17,15180.6,592.82,19059.58
2008-04-01 09:00:00+00:00,897.0,28839.18,453.9,14593.2,572.32,18400.49
2008-04-30 09:00:00+00:00,867.75,27898.77,440.77,14171.06,557.72,17931.09
2008-05-01 09:00:00+00:00,863.5,27762.13,434.64,13973.98,556.74,17899.58
2008-05-30 09:00:00+00:00,879.5,28276.54,445.86,14334.71,567.57,18247.77
2008-06-02 09:00:00+00:00,891.25,28654.31,454.4,14609.28,573.3,18432.0
2008-06-30 09:00:00+00:00,932.75,29988.57,467.54,15031.74,589.64,18957.34
2008-07-01 09:00:00+00:00,929.5,29884.08,465.33,14960.69,589.37,18948.66
2008-07-30 09:00:00+00:00,914.1,29388.95,461.02,14822.12,585.7,18830.66
2008-08-01 09:00:00+00:00,909.5,29241.06,459.74,14780.96,584.25,18784.05
2008-09-01 09:00:00+00:00,832.0,26749.38,461.2,14827.9,568.27,18270.28
2008-09-30 09:00:00+00:00,897.0,28839.18,496.95,15977.29,624.22,20069.11
2008-10-01 09:00:00+00:00,876.0,28164.01,490.98,15785.35,619.39,19913.82
2008-10-30 09:00:00+00:00,772.25,24828.38,465.72,14973.22,589.28,18945.76
2008-11-03 09:00:00+00:00,734.0,23598.61,452.81,14558.16,571.78,18383.13
2008-12-01 09:00:00+00:00,795.5,25575.88,529.77,17032.48,629.4,20235.65
2008-12-30 09:00:00+00:00,870.0,27971.11,598.97,19257.3,612.68,19698.09
2009-01-02 09:00:00+00:00,869.75,27963.07,598.79,19251.52,623.66,20051.11
2009-01-30 09:00:00+00:00,918.5,29530.42,641.64,20629.18,713.4,22936.31
2009-02-02 09:00:00+00:00,913.75,29377.7,642.58,20659.4,717.74,23075.84
2009-03-02 09:00:00+00:00,949.5,30527.09,668.33,21487.28,753.57,24227.8
2009-03-30 09:00:00+00:00,923.0,29675.1,652.3,20971.9,700.46,22520.28
2009-04-01 09:00:00+00:00,919.5,29562.57,639.43,20558.12,696.27,22385.57
2009-04-30 09:00:00+00:00,889.0,28581.97,598.98,19257.63,667.92,21474.1
2009-05-01 09:00:00+00:00,881.5,28340.84,591.65,19021.96,664.78,21373.14
2009-06-01 09:00:00+00:00,987.0,31732.74,602.42,19368.22,693.95,22310.98
2009-06-30 09:00:00+00:00,941.0,30253.81,566.7,18219.8,666.9,21441.3
2009-07-01 09:00:00+00:00,931.5,29948.38,567.3,18239.09,662.56,21301.77
2009-07-30 09:00:00+00:00,932.0,29964.45,564.98,18164.5,661.7,21274.12
2009-08-03 09:00:00+00:00,954.25,30679.81,565.98,18196.65,667.64,21465.09
2009-09-01 09:00:00+00:00,949.75,30535.13,585.18,18813.95,662.77,21308.52
2009-09-30 09:00:00+00:00,1001.25,32190.89,622.13,20001.91,682.61,21946.39
2009-10-01 09:00:00+00:00,1005.75,32335.57,628.59,20209.61,689.77,22176.59
2009-10-30 09:00:00+00:00,1044.5,33581.41,630.74,20278.73,703.27,22610.62
2009-11-02 09:00:00+00:00,1052.0,33822.54,641.78,20633.68,712.26,22899.66
2009-11-30 09:00:00+00:00,1172.0,37680.62,709.23,22802.24,778.69,25035.43
2009-12-01 09:00:00+00:00,1193.5,38371.86,720.93,23178.4,791.76,25455.64
2009-12-30 09:00:00+00:00,1092.5,35124.64,688.32,22129.97,761.01,24467.0
2010-01-04 09:00:00+00:00,1113.0,35783.73,686.82,22081.74,774.26,24893.0
2010-02-01 09:00:00+00:00,1082.0,34787.06,682.0,21926.78,778.14,25017.75
2010-03-01 09:00:00+00:00,1117.25,35920.37,742.66,23877.04,819.94,26361.64
2010-03-30 09:00:00+00:00,1109.75,35679.24,736.45,23677.38,823.56,26478.03
2010-04-01 09:00:00+00:00,1116.0,35880.18,733.49,23582.22,826.79,26581.88
2010-04-30 09:00:00+00:00,1175.25,37785.11,765.39,24607.82,882.78,28381.99
2010-05-04 09:00:00+00:00,1184.25,38074.47,779.01,25045.72,901.46,28982.57
2010-06-01 09:00:00+00:00,1219.75,39215.82,843.36,27114.61,1006.39,32356.14
2010-06-30 09:00:00+00:00,1240.5,39882.94,826.01,26556.8,1011.25,32512.4
2010-07-01 09:00:00+00:00,1240.0,39866.87,832.16,26754.53,1009.77,32464.81
2010-07-30 09:00:00+00:00,1168.0,37552.02,747.62,24036.51,897.01,28839.5
2010-08-02 09:00:00+00:00,1178.0,37873.52,745.33,23962.88,901.58,28986.43
2010-08-31 09:00:00+00:00,1233.5,39657.89,800.09,25723.45,972.87,31278.45
2010-09-01 09:00:00+00:00,1250.0,40188.38,812.53,26123.41,977.63,31431.49
2010-09-30 09:00:00+00:00,1311.0,42149.57,824.32,26502.47,960.09,30867.57
2010-10-01 09:00:00+00:00,1313.0,42213.87,828.29,26630.1,955.19,30710.03
2010-11-01 09:00:00+00:00,1361.5,43773.18,847.76,27256.08,975.57,31365.26
2010-11-30 09:00:00+00:00,1375.0,44207.21,885.1,28456.58,1056.07,33953.39
2010-12-01 09:00:00+00:00,1391.5,44737.7,890.16,28619.27,1062.62,34163.98
2010-12-30 09:00:00+00:00,1411.5,45380.71,912.47,29336.55,1064.16,34213.49
2011-01-04 09:00:00+00:00,1405.5,45187.81,898.77,28896.08,1048.88,33722.23
2011-01-31 09:00:00+00:00,1333.5,42872.96,839.42,26987.94,976.92,31408.66
2011-02-01 09:00:00+00:00,1337.5,43001.56,830.18,26690.87,973.72,31305.78
2011-03-01 09:00:00+00:00,1414.5,45477.17,867.58,27893.3,1021.74,32849.66
2011-03-30 09:00:00+00:00,1419.0,45621.84,883.4,28401.93,1007.53,32392.79
2011-04-01 09:00:00+00:00,1434.5,46120.18,895.05,28776.48,1013.21,32575.41
2011-05-03 09:00:00+00:00,1546.5,49721.06,938.13,30161.54,1045.22,33604.55
2011-05-31 09:00:00+00:00,1537.0,49415.63,931.74,29956.09,1066.25,34280.68
2011-06-01 09:00:00+00:00,1532.25,49262.91,933.62,30016.54,1062.96,34174.91
2011-06-30 09:00:00+00:00,1508.0,48483.26,943.56,30336.11,1041.08,33471.45
2011-07-01 09:00:00+00:00,1492.75,47992.96,932.1,29967.67,1027.71,33041.6
2011-08-01 09:00:00+00:00,1613.5,51875.15,981.57,31558.16,1117.54,35929.69
2011-08-30 09:00:00+00:00,1791.0,57581.9,1097.56,35287.32,1243.49,39979.07
2011-09-01 09:00:00+00:00,1815.5,58369.6,1118.95,35975.03,1270.74,40855.18
2011-09-30 09:00:00+00:00,1629.0,52373.49,1042.63,33521.28,1204.26,38717.8
2011-10-03 09:00:00+00:00,1660.0,53370.16,1068.07,34339.2,1242.52,39947.89
2011-10-31 09:00:00+00:00,1718.0,55234.9,1072.88,34493.84,1227.23,39456.3
2011-11-01 09:00:00+00:00,1702.0,54720.49,1067.69,34326.98,1243.06,39965.25
2011-11-30 09:00:00+00:00,1704.0,54784.79,1095.61,35224.63,1282.46,41231.99
2011-12-01 09:00:00+00:00,1750.0,56263.72,1113.02,35784.37,1298.03,41732.57
2011-12-30 09:00:00+00:00,1574.5,50621.28,1020.35,32804.97,1217.05,39129.01
2012-01-03 09:00:00+00:00,1590.0,51119.61,1019.95,32792.11,1221.2,39262.43
2012-01-30 09:00:00+00:00,1720.5,55315.28,1097.4,35282.18,1310.06,42119.35
2012-02-01 09:00:00+00:00,1744.0,56070.82,1106.74,35582.47,1327.65,42684.88
2012-03-01 09:00:00+00:00,1721.0,55331.35,1079.13,34694.78,1289.82,41468.62
2012-03-30 09:00:00+00:00,1660.75,53394.28,1038.68,33394.29,1245.31,40037.59
2012-04-02 09:00:00+00:00,1664.0,53498.76,1037.54,33357.64,1246.16,40064.92
2012-04-30 09:00:00+00:00,1662.5,53450.54,1021.44,32840.01,1256.61,40400.89
2012-05-01 09:00:00+00:00,1661.25,53410.35,1024.7,32944.82,1253.02,40285.47
2012-05-30 09:00:00+00:00,1548.75,49793.4,995.4,32002.81,1244.98,40026.98
2012-06-01 09:00:00+00:00,1552.5,49913.96,1015.37,32644.86,1259.53,40494.77
2012-07-02 09:00:00+00:00,1596.25,51320.55,1018.34,32740.34,1263.26,40614.69
2012-07-30 09:00:00+00:00,1616.5,51971.61,1029.75,33107.18,1317.87,42370.44
2012-08-01 09:00:00+00:00,1614.75,51915.34,1032.78,33204.6,1311.95,42180.11
2012-08-30 09:00:00+00:00,1657.0,53273.71,1046.48,33645.06,1320.21,42445.68
2012-09-03 09:00:00+00:00,1686.0,54206.08,1061.65,34132.79,1341.72,43137.24
2012-10-01 09:00:00+00:00,1770.5,56922.81,1096.01,35237.49,1372.8,44136.48
2012-10-30 09:00:00+00:00,1713.5,55090.22,1067.07,34307.05,1322.66,42524.44
2012-11-01 09:00:00+00:00,1723.25,55403.69,1065.64,34261.07,1330.59,42779.4
2012-11-30 09:00:00+00:00,1728.25,55564.45,1077.87,34654.28,1329.52,42745.0
2012-12-03 09:00:00+00:00,1718.0,55234.9,1069.67,34390.64,1317.59,42361.44
2012-12-31 09:00:00+00:00,1664.0,53498.76,1029.32,33093.36,1261.56,40560.04
2013-01-02 09:00:00+00:00,1681.5,54061.4,1031.22,33154.44,1270.11,40834.93
2013-01-30 09:00:00+00:00,1666.25,53571.1,1057.2,33989.72,1230.7,39567.87
2013-02-01 09:00:00+00:00,1665.0,53530.92,1052.46,33837.33,1218.0,39159.55
2013-03-01 09:00:00+00:00,1570.0,50476.6,1043.74,33556.97,1203.99,38709.12
2013-04-02 09:00:00+00:00,1597.75,51368.78,1051.64,33810.96,1244.64,40016.05
2013-04-30 09:00:00+00:00,1472.75,47349.94,950.04,30544.45,1126.13,36205.87
2013-05-01 09:00:00+00:00,1469.5,47245.45,942.95,30316.5,1113.6,35803.02
2013-05-30 09:00:00+00:00,1406.25,45211.92,926.75,29795.66,1083.9,34848.14
2013-06-03 09:00:00+00:00,1396.75,44906.49,915.0,29417.89,1072.61,34485.16
2013-07-01 09:00:00+00:00,1243.5,39979.4,816.27,26243.65,952.8,30633.19
2013-07-30 09:00:00+00:00,1322.25,42511.26,864.05,27779.81,996.65,32043.0
2013-08-01 09:00:00+00:00,1323.75,42559.49,870.26,27979.47,999.21,32125.3
2013-08-30 09:00:00+00:00,1392.75,44777.89,899.19,28909.59,1051.85,33817.71
2013-09-02 09:00:00+00:00,1391.25,44729.66,893.14,28715.08,1052.46,33837.33
2013-09-30 09:00:00+00:00,1335.75,42945.3,827.3,26598.27,989.59,31816.01
2013-10-01 09:00:00+00:00,1332.25,42832.77,819.85,26358.75,983.14,31608.64
2013-10-30 09:00:00+00:00,1349.5,43387.37,840.23,27013.98,980.81,31533.73
2013-11-01 09:00:00+00:00,1314.75,42270.13,821.67,26417.27,971.73,31241.8
2013-12-02 09:00:00+00:00,1237.5,39786.49,754.3,24251.27,913.08,29356.16
2013-12-30 09:00:00+00:00,1201.5,38629.07,729.29,23447.18,873.76,28092.0
2014-01-02 09:00:00+00:00,1219.75,39215.82,737.05,23696.67,888.84,28576.83
2014-01-30 09:00:00+00:00,1254.0,40316.98,761.89,24495.3,922.19,29649.05
2014-02-03 09:00:00+00:00,1246.5,40075.85,762.38,24511.05,922.58,29661.59
2014-03-03 09:00:00+00:00,1344.25,43218.58,803.5,25833.09,975.58,31365.58
2014-03-31 09:00:00+00:00,1294.0,41603.01,777.78,25006.17,939.86,30217.16
2014-04-01 09:00:00+00:00,1286.5,41361.88,772.67,24841.88,932.45,29978.92
2014-04-30 09:00:00+00:00,1292.0,41538.7,768.32,24702.03,934.67,30050.29
2014-05-01 09:00:00+00:00,1283.0,41249.35,759.04,24403.67,924.15,29712.07
2014-05-30 09:00:00+00:00,1254.0,40316.98,749.33,24091.48,921.04,29612.08
2014-06-02 09:00:00+00:00,1244.75,40019.58,743.49,23903.72,915.26,29426.25
2014-06-30 09:00:00+00:00,1313.0,42213.87,771.54,24805.55,961.62,30916.76
2014-07-01 09:00:00+00:00,1325.75,42623.79,773.39,24865.03,968.48,31137.31
2014-07-30 09:00:00+00:00,1297.5,41715.53,766.21,24634.19,968.43,31135.7
2014-08-01 09:00:00+00:00,1284.5,41297.57,762.99,24530.66,959.16,30837.67
2014-09-01 09:00:00+00:00,1287.25,41385.99,774.47,24899.75,979.34,31486.47
2014-09-30 09:00:00+00:00,1210.0,38902.35,746.54,24001.78,959.94,30862.74
2014-10-01 09:00:00+00:00,1208.5,38854.12,746.17,23989.89,958.75,30824.48
2014-10-30 09:00:00+00:00,1205.75,38765.71,753.59,24228.45,958.08,30802.94
2014-11-03 09:00:00+00:00,1170.75,37640.43,731.9,23531.1,936.9,30121.99
2014-12-01 09:00:00+00:00,1178.75,37897.64,750.56,24131.03,945.46,30397.2
2014-12-30 09:00:00+00:00,1186.5,38146.81,764.5,24579.21,976.54,31396.44
2015-01-02 09:00:00+00:00,1184.25,38074.47,766.41,24640.62,983.35,31615.39
2015-01-30 09:00:00+00:00,1263.5,40622.41,837.42,26923.64,1114.98,35847.39
2015-02-02 09:00:00+00:00,1274.25,40968.03,847.92,27261.22,1122.69,36095.27
2015-03-02 09:00:00+00:00,1216.75,39119.36,789.48,25382.33,1084.93,34881.26
2015-03-30 09:00:00+00:00,1187.4,38175.74,800.36,25732.13,1095.01,35205.34
2015-04-01 09:00:00+00:00,1181.25,37978.01,800.36,25732.13,1099.5,35349.69
2015-04-30 09:00:00+00:00,1204.3,38719.09,779.73,25068.87,1075.99,34593.83
2015-05-01 09:00:00+00:00,1179.0,37905.68,771.04,24789.48,1049.24,33733.8
2015-06-01 09:00:00+00:00,1187.3,38172.53,780.4,25090.41,1088.29,34989.29
2015-06-30 09:00:00+00:00,1175.0,37777.07,747.08,24019.14,1053.01,33855.01
2015-07-01 09:00:00+00:00,1171.7,37670.98,748.38,24060.94,1053.26,33863.05
2015-07-30 09:00:00+00:00,1085.65,34904.41,695.4,22357.6,989.74,31820.83
2015-08-03 09:00:00+00:00,1093.0,35140.72,699.99,22505.17,995.9,32018.88
2015-09-01 09:00:00+00:00,1141.9,36712.88,744.1,23923.34,1012.23,32543.9
2015-09-30 09:00:00+00:00,1122.5,36089.16,739.12,23763.23,1000.8,32176.42
2015-10-01 09:00:00+00:00,1114.2,35822.31,735.69,23652.95,998.66,32107.62
2015-10-30 09:00:00+00:00,1147.75,36900.97,748.04,24050.01,1042.7,33523.53
2015-11-02 09:00:00+00:00,1135.8,36516.77,733.86,23594.11,1030.86,33142.87
2015-11-30 09:00:00+00:00,1055.65,33939.89,703.05,22603.55,998.2,32092.83
2015-12-01 09:00:00+00:00,1069.25,34377.14,708.55,22780.38,1009.25,32448.09
2015-12-30 09:00:00+00:00,1067.8,34330.52,720.53,23165.54,977.26,31419.59
2016-01-04 09:00:00+00:00,1072.7,34488.06,725.02,23309.9,982.3,31581.63
2016-02-01 09:00:00+00:00,1122.0,36073.09,785.6,25257.59,1032.86,33207.17
2016-03-01 09:00:00+00:00,1240.0,39866.87,886.09,28488.41,1141.7,36706.45
2016-03-30 09:00:00+00:00,1238.2,39809.0,860.23,27657.0,1094.12,35176.72
2016-04-01 09:00:00+00:00,1232.1,39612.88,860.2,27656.03,1080.69,34744.94
2016-05-03 09:00:00+00:00,1296.5,41683.38,881.32,28335.05,1118.15,35949.31
2016-05-31 09:00:00+00:00,1210.5,38918.42,829.07,26655.18,1087.39,34960.35
2016-06-01 09:00:00+00:00,1216.25,39103.29,841.77,27063.49,1090.0,35044.26
2016-06-30 09:00:00+00:00,1317.0,42342.47,976.82,31405.45,1183.59,38053.25
2016-07-01 09:00:00+00:00,1331.75,42816.69,1001.34,32193.78,1199.51,38565.09
2016-08-01 09:00:00+00:00,1348.85,43366.47,1022.97,32889.2,1207.76,38830.33
2016-08-30 09:00:00+00:00,1318.85,42401.95,1008.39,32420.44,1180.9,37966.76
2016-09-01 09:00:00+00:00,1305.7,41979.17,985.8,31694.16,1172.13,37684.8
2016-09-30 09:00:00+00:00,1327.9,42692.91,1025.01,32954.79,1187.67,38184.42
2016-10-03 09:00:00+00:00,1318.65,42395.52,1023.4,32903.03,1173.99,37744.6
2016-10-31 09:00:00+00:00,1274.2,40966.42,1046.25,33637.67,1163.22,37398.34
2016-11-01 09:00:00+00:00,1284.4,41294.36,1048.58,33712.58,1167.52,37536.59
2016-11-30 09:00:00+00:00,1187.4,38175.74,952.06,30609.4,1115.44,35862.18
2016-12-01 09:00:00+00:00,1168.75,37576.13,930.09,29903.04,1099.68,35355.48
2016-12-30 09:00:00+00:00,1159.1,37265.88,942.58,30304.61,1098.36,35313.04
2017-01-03 09:00:00+00:00,1148.65,36929.9,935.12,30064.76,1103.28,35471.22
2017-01-30 09:00:00+00:00,1189.85,38254.51,949.38,30523.23,1112.63,35771.83
2017-02-01 09:00:00+00:00,1210.0,38902.35,960.01,30864.99,1122.03,36074.05
2017-03-01 09:00:00+00:00,1246.05,40061.38,1007.18,32381.54,1182.5,38018.2
2017-03-30 09:00:00+00:00,1250.9,40217.31,1005.72,32334.6,1165.34,37466.5
2017-04-03 09:00:00+00:00,1246.25,40067.81,997.25,32062.29,1168.48,37567.45
2017-05-02 09:00:00+00:00,1255.8,40374.85,974.25,31322.82,1150.19,36979.41
2017-05-30 09:00:00+00:00,1262.8,40599.9,982.46,31586.78,1132.23,36401.99
2017-06-01 09:00:00+00:00,1266.15,40707.61,984.81,31662.33,1128.01,36266.31
2017-06-30 09:00:00+00:00,1243.25,39971.36,957.43,30782.04,1090.83,35070.95
2017-07-03 09:00:00+00:00,1235.2,39712.54,952.09,30610.36,1085.0,34883.51
2017-07-31 09:00:00+00:00,1266.35,40714.04,965.59,31044.39,1079.06,34692.53
2017-08-01 09:00:00+00:00,1267.05,40736.54,957.76,30792.65,1072.3,34475.2
2017-08-30 09:00:00+00:00,1310.6,42136.71,1014.93,32630.71,1096.71,35259.99
2017-09-01 09:00:00+00:00,1318.4,42387.48,1020.18,32799.5,1107.98,35622.33
2017-09-30 09:00:00+00:00,1283.1,41252.56,960.02,30865.32,1087.43,34961.64
2017-10-02 09:00:00+00:00,1273.1,40931.06,956.48,30751.5,1084.55,34869.04
2017-10-30 09:00:00+00:00,1272.75,40919.8,966.91,31086.83,1093.8,35166.44
2017-11-01 09:00:00+00:00,1279.25,41128.78,961.48,30912.26,1099.52,35350.34
2017-11-30 09:00:00+00:00,1282.15,41222.02,952.64,30628.04,1084.06,34853.29
2017-12-01 09:00:00+00:00,1277.25,41064.48,946.57,30432.89,1072.51,34481.95
2017-12-31 09:00:00+00:00,1296.5,41683.38,960.84,30891.68,1082.45,34801.53
2018-01-02 09:00:00+00:00,1312.8,42207.44,968.85,31149.21,1087.52,34964.53
2018-01-30 09:00:00+00:00,1345.7,43265.2,954.37,30683.66,1083.56,34837.21
2018-02-01 09:00:00+00:00,1341.1,43117.3,941.99,30285.64,1077.98,34657.81
2018-03-01 09:00:00+00:00,1311.25,42157.61,953.8,30665.34,1075.75,34586.12
2018-03-31 09:00:00+00:00,1323.85,42562.7,941.79,30279.21,1074.57,34548.18
2018-04-03 09:00:00+00:00,1336.6,42972.63,949.65,30531.91,1085.99,34915.34
2018-04-30 09:00:00+00:00,1316.25,42318.36,958.62,30820.3,1087.62,34967.74
2018-05-01 09:00:00+00:00,1309.2,42091.7,956.37,30747.96,1087.68,34969.67
2018-05-30 09:00:00+00:00,1298.6,41750.9,979.27,31484.22,1119.26,35984.99
2018-06-01 09:00:00+00:00,1299.15,41768.58,976.83,31405.77,1111.42,35732.93
2018-06-30 09:00:00+00:00,1250.45,40202.84,950.59,30562.13,1074.14,34534.35
2018-07-02 09:00:00+00:00,1249.0,40156.22,948.87,30506.83,1072.39,34478.09
2018-07-30 09:00:00+00:00,1222.05,39289.76,931.2,29938.73,1045.95,33628.02
2018-08-01 09:00:00+00:00,1222.75,39312.27,932.47,29979.56,1046.55,33647.32
2018-08-30 09:00:00+00:00,1202.35,38656.39,924.25,29715.28,1028.49,33066.67
2018-09-03 09:00:00+00:00,1201.7,38635.5,933.0,29996.6,1035.75,33300.09
2018-10-01 09:00:00+00:00,1185.3,38108.22,907.94,29190.91,1021.02,32826.51
2018-10-30 09:00:00+00:00,1220.0,39223.85,956.36,30747.64,1074.33,34540.46
2018-11-01 09:00:00+00:00,1223.25,39328.34,950.47,30558.28,1075.85,34589.33
2018-11-30 09:00:00+00:00,1220.45,39238.32,956.95,30766.61,1073.75,34521.81
2018-12-03 09:00:00+00:00,1231.05,39579.12,966.0,31057.58,1084.92,34880.94
2018-12-31 09:00:00+00:00,1281.65,41205.94,1005.45,32325.92,1120.03,36009.75
2019-01-02 09:00:00+00:00,1287.2,41384.38,1014.44,32614.96,1125.27,36178.22
2019-01-30 09:00:00+00:00,1312.95,42212.26,1002.04,32216.29,1148.44,36923.15
2019-02-01 09:00:00+00:00,1320.75,42463.04,1010.9,32501.14,1151.56,37023.46
2019-03-01 09:00:00+00:00,1309.95,42115.81,989.27,31805.72,1152.23,37045.0
2019-04-01 09:00:00+00:00,1291.9,41535.49,987.27,31741.42,1149.15,36945.98
2019-04-30 09:00:00+00:00,1285.15,41318.47,989.44,31811.19,1145.97,36843.74
2019-05-01 09:00:00+00:00,1281.8,41210.77,980.45,31522.15,1140.8,36677.52
2019-05-30 09:00:00+00:00,1276.45,41038.76,1010.44,32486.35,1146.25,36852.74
2019-06-03 09:00:00+00:00,1313.95,42244.41,1039.47,33419.69,1175.99,37808.9
2019-07-01 09:00:00+00:00,1390.05,44691.08,1099.81,35359.66,1227.41,39462.09
2019-07-30 09:00:00+00:00,1428.45,45925.67,1173.47,37727.88,1281.75,41209.16
2019-08-01 09:00:00+00:00,1406.4,45216.74,1161.12,37330.82,1273.35,40939.09
2019-08-30 09:00:00+00:00,1526.55,49079.65,1253.14,40289.33,1382.75,44456.38
2019-09-02 09:00:00+00:00,1523.35,48976.77,1260.42,40523.39,1388.69,44647.36
2019-09-30 09:00:00+00:00,1487.6,47827.38,1208.38,38850.26,1361.75,43781.22
2019-10-01 09:00:00+00:00,1466.1,47136.14,1193.11,38359.32,1345.29,43252.02
2019-10-30 09:00:00+00:00,1490.15,47909.37,1156.65,37187.11,1340.39,43094.48
2019-11-01 09:00:00+00:00,1509.85,48542.73,1165.76,37480.0,1354.79,43557.45
2019-12-02 09:00:00+00:00,1457.5,46859.65,1130.0,36330.29,1323.26,42543.74
2019-12-30 09:00:00+00:00,1511.5,48595.78,1152.37,37049.5,1350.22,43410.52
2020-01-02 09:00:00+00:00,1520.55,48886.75,1151.36,37017.03,1358.46,43675.44
2020-01-30 09:00:00+00:00,1580.4,50810.97,1213.75,39022.91,1435.16,46141.4
2020-02-03 09:00:00+00:00,1578.85,50761.13,1207.98,38837.4,1426.65,45867.8
2020-03-01 00:00:00+00:00,1595.99,51312.2,1253.02,40285.47,1452.33,46693.43
2020-03-30 00:00:00+00:00,1634.65,52555.14,1313.17,42219.33,1468.08,47199.8
2020-04-01 00:00:00+00:00,1585.39,50971.4,1278.13,41092.77,1438.09,46235.6
2020-04-30 00:00:00+00:00,1720.59,55318.17,1380.07,44370.22,1582.11,50865.94
2020-05-01 00:00:00+00:00,1694.65,54484.18,1347.31,43316.96,1548.62,49789.22
2020-05-30 00:00:00+00:00,1739.7,55932.57,1413.96,45459.8,1572.45,50555.37
2020-06-01 00:00:00+00:00,1746.0,56135.12,1414.65,45481.99,1571.0,50508.75
2020-06-30 00:00:00+00:00,1778.76,57188.38,1445.18,46463.55,1581.86,50857.91
2020-07-01 00:00:00+00:00,1788.68,57507.31,1444.25,46433.65,1592.54,51201.28
2020-07-30 00:00:00+00:00,1972.99,63433.01,1520.48,48884.5,1675.02,53853.07
2020-08-01 00:00:00+00:00,1987.73,63906.91,1523.94,48995.74,1693.96,54462.0
2020-08-30 00:00:00+00:00,1975.92,63527.21,1479.43,47564.71,1656.96,53272.42
2020-09-01 00:00:00+00:00,1974.2,63471.91,1477.6,47505.87,1654.14,53181.76
2020-09-30 00:00:00+00:00,1902.88,61178.92,1479.48,47566.32,1620.89,52112.75
2020-10-01 00:00:00+00:00,1893.8,60887.0,1466.52,47149.64,1615.68,51945.24
2020-10-30 00:00:00+00:00,1874.35,60261.66,1449.8,46612.08,1605.24,51609.59
2020-11-01 00:00:10+00:00,1887.65,60689.27,1456.36,46822.99,1619.85,52079.31
2020-11-30 00:00:00+00:00,1792.4,57626.91,1356.85,43623.68,1509.75,48539.52
2020-12-01 00:00:00+00:00,1784.46,57371.64,1338.4,43030.5,1495.08,48067.87
2020-12-30 00:00:10+00:00,1884.74,60595.71,1396.66,44903.6,1538.51,49464.17
2021-01-01 00:00:10+00:00,1904.56,61232.94,1399.47,44993.94,1563.02,50252.19
2021-01-30 00:00:00+00:00,1857.51,59720.25,1361.13,43761.28,1535.9,49380.26
2021-02-01 00:00:10+00:00,1862.12,59868.46,1359.73,43716.27,1536.29,49392.8
2021-03-01 00:00:20+00:00,1744.78,56095.9,1248.87,40152.04,1443.33,46404.07
2021-03-30 00:00:20+00:00,1717.38,55214.97,1247.05,40093.53,1459.53,46924.91
2021-04-01 00:00:20+00:00,1712.86,55069.65,1242.75,39955.28,1460.82,46966.39
2021-04-30 00:00:10+00:00,1778.78,57189.02,1275.35,41003.4,1467.33,47175.69
2021-05-01 00:00:10+00:00,1778.56,57181.95,1292.67,41560.25,1484.53,47728.68
2021-05-30 00:00:10+00:00,1912.72,61495.29,1348.04,43340.43,1567.69,50402.33
2021-06-01 00:00:10+00:00,1916.29,61610.06,1353.14,43504.4,1572.05,50542.51
2021-06-30 00:00:10+00:00,1766.97,56809.32,1276.97,41055.48,1485.04,47745.08
2021-07-01 00:00:10+00:00,1773.69,57025.38,1282.9,41246.13,1496.28,48106.45
2021-07-30 00:00:00+00:00,1835.94,59026.76,1315.07,42280.42,1544.31,49650.65
2021-08-01 00:00:00+00:00,1821.95,58576.97,1309.42,42098.77,1533.09,49289.92
2021-08-30 00:00:13+00:00,1824.13,58647.06,1325.47,42614.79,1546.11,49708.52
2021-09-01 00:00:10+00:00,1820.09,58517.17,1323.56,42553.38,1541.25,49552.27
2021-09-30 00:00:10+00:00,1734.09,55752.21,1291.61,41526.17,1494.81,48059.19
2021-10-01 00:00:10+00:00,1758.49,56536.68,1305.72,41979.81,1519.42,48850.42
2021-10-30 00:00:10+00:00,1793.24,57653.92,1316.02,42310.96,1548.49,49785.04
2021-11-01 00:00:13+00:00,1785.57,57407.33,1305.07,41958.91,1545.16,49677.98
2021-11-30 00:00:10+00:00,1792.29,57623.38,1346.2,43281.27,1587.17,51028.63
2021-12-01 00:00:10+00:00,1778.76,57188.38,1337.86,43013.14,1569.95,50474.99
2021-12-30 00:00:00+00:00,1810.06,58194.7,1341.14,43118.59,1593.42,51229.57
2022-01-01 00:00:10+00:00,1839.22,59132.21,1369.3,44023.95,1618.52,52036.55
2022-01-30 00:00:13+00:00,1798.38,57819.18,1343.02,43179.03,1613.83,51885.76
2022-02-01 00:00:10+00:00,1803.3,57977.36,1341.35,43125.34,1605.99,51633.7
2022-03-01 00:00:10+00:00,1912.87,61500.11,1424.73,45806.07,1705.19,54823.05
2022-03-30 00:00:03+00:00,1922.29,61802.97,1468.13,47201.41,1733.14,55721.66
2022-04-01 00:00:10+00:00,1942.67,62458.2,1477.89,47515.2,1754.51,56408.72
2022-04-30 00:00:13+00:00,1907.15,61316.21,1522.4,48946.23,1805.47,58047.12
2022-05-01 00:00:10+00:00,1906.7,61301.74,1516.54,48757.82,1808.41,58141.65
2022-05-30 00:00:00+00:00,1855.63,59659.8,1469.9,47258.31,1729.48,55603.99
2022-06-01 00:00:01+00:00,1841.95,59219.98,1460.8,46965.74,1715.73,55161.92
2022-06-30 00:04:03+00:00,1823.88,58639.02,1504.39,48367.19,1747.11,56170.81
2022-07-01 00:00:10+00:00,1812.2,58263.5,1490.31,47914.51,1729.48,55603.99
2022-07-30 00:00:10+00:00,1775.32,57077.78,1472.95,47356.37,1738.78,55902.99
2022-08-01 00:00:10+00:00,1767.65,56831.18,1452.75,46706.93,1731.28,55661.86
2022-08-30 00:00:10+00:00,1744.89,56099.43,1488.66,47861.46,1743.01,56038.99
2022-09-01 00:03:25+00:00,1713.01,55074.47,1477.72,47509.73,1707.53,54898.28
2022-09-30 00:00:10+00:00,1669.73,53682.99,1494.81,48059.19,1698.8,54617.61
2022-10-01 00:00:10+00:00,1669.38,53671.74,1510.16,48552.7,1705.48,54832.38
2022-10-30 00:00:10+00:00,1653.95,53175.65,1424.26,45790.96,1659.97,53369.2
2022-11-01 00:00:10+00:00,1637.55,52648.38,1428.03,45912.16,1656.48,53256.99
2022-11-30 00:00:15+00:00,1754.42,56405.83,1468.64,47217.8,1699.41,54637.22
2022-12-01 00:00:27+00:00,1778.9,57192.88,1473.25,47366.02,1706.66,54870.31
2022-12-30 00:00:20+00:00,1820.68,58536.14,1510.31,48557.52,1707.92,54910.82
2023-01-01 00:00:25+00:00,1833.48,58947.67,1514.53,48693.2,1714.13,55110.48
2023-01-30 00:00:21+00:00,1934.84,62206.46,1560.42,50168.6,1779.7,57218.6
2023-02-01 00:00:23+00:00,1929.43,62032.53,1567.61,50399.76,1776.59,57118.61
2023-03-01 00:00:23+00:00,1827.54,58756.69,1518.82,48831.13,1727.92,55553.84
2023-03-30 00:00:28+00:00,1965.29,63185.45,1596.54,51329.88,1812.62,58277.0
2023-04-01 00:00:10+00:00,1974.97,63496.67,1601.6,51492.56,1821.82,58572.79
2023-04-30 00:00:27+00:00,1995.99,64172.48,1586.59,51009.98,1811.81,58250.96
2023-05-01 00:02:34+00:00,1988.69,63937.78,1583.62,50914.49,1805.97,58063.2
2023-05-30 00:00:21+00:00,1941.8,62430.23,1572.72,50564.05,1813.61,58308.83
2023-06-01 00:00:28+00:00,1966.53,63225.32,1580.12,50801.96,1838.93,59122.89
2023-06-30 00:00:28+00:00,1908.97,61374.72,1513.49,48659.76,1756.57,56474.96
2023-07-01 00:00:19+00:00,1921.63,61781.75,1513.33,48654.62,1761.32,56627.67
2023-07-30 00:00:21+00:00,1962.05,63081.28,1527.25,49102.16,1780.69,57250.43
2023-08-01 00:00:28+00:00,1964.13,63148.15,1530.74,49214.36,1786.07,57423.4
2023-08-30 00:00:29+00:00,1936.47,62258.87,1532.41,49268.05,1781.43,57274.22
2023-09-01 00:00:15+00:00,1940.23,62379.75,1531.17,49228.19,1789.34,57528.53
2023-09-30 00:00:25+00:00,1851.05,59512.55,1517.53,48789.65,1751.2,56302.31
2023-10-01 00:00:26+00:00,1851.05,59512.55,1517.53,48789.65,1751.2,56302.31
2023-10-30 00:00:22+00:00,2004.98,64461.51,1655.5,53225.48,1898.46,61036.82
2023-11-01 02:10:00+00:00,1982.84,63749.69,1633.77,52526.85,1876.45,60329.18
2023-11-30 00:00:21+00:00,2047.24,65820.2,1612.67,51848.47,1865.7,59983.56
2023-12-01 00:00:21+00:00,2042.27,65660.41,1616.88,51983.82,1875.07,60284.81
2023-12-30 00:00:26+00:00,2068.1,66490.86,1624.44,52226.88,1870.72,60144.96
2024-01-01 00:00:23+00:00,2068.1,66490.86,1624.44,52226.88,1870.72,60144.96
2024-01-30 00:00:21+00:00,2033.51,65378.77,1599.39,51421.51,1876.83,60341.4
2024-02-01 00:00:19+00:00,2042.21,65658.48,1610.62,51782.56,1890.27,60773.5
2024-03-01 00:00:26+00:00,2046.2,65786.76,1620.48,52099.57,1893.6,60880.57
2024-03-30 00:00:27+00:00,2238.24,71960.98,1773.2,57009.62,2074.21,66687.3
2024-04-01 00:00:27+00:00,2247.73,72266.09,1778.75,57188.06,2082.63,66958.01
2024-04-12 15:05:11+00:00,,,1955.75,62878.73,2288.71,73583.63
2024-04-30 00:00:27+00:00,2335.3,75081.53,1859.37,59780.05,2179.39,70068.91
2024-05-01 00:00:28+00:00,2294.31,73763.67,1837.04,59062.12,2151.0,69156.16
2024-05-20 05:48:20+00:00,2452.66,78854.74,,,,
2024-05-30 00:00:21+00:00,2340.71,75255.46,1843.47,59268.85,2167.13,69674.75
2024-05-31 13:52:15+00:00,2353.94,75680.82,,,,
2024-05-31 14:34:12+00:00,,,1835.08,58999.11,2154.32,69262.9
